Iteration,Global CG,Global MR,Global LOMR,Inner-outer - 2 inner iter MR,Inner-outer - 2 inner iter LOMR,Inner-outer - 5 inner iter MR,Inner-outer - 5 inner iter LOMR
0,15180.186293023458,15180.186293023458,15180.186293023458,15180.186293023458,15180.186293023458,15180.186293023458,15180.186293023458
1,7557.408223720809,6924.909705018783,6969.9875305132855,5140.957469179061,5140.957469179061,5140.957469179061,5140.957469179061
2,4340.703953430562,4269.4965401459995,3956.6757317512,3190.0223538518617,3190.0223538518617,3190.0223538518617,3190.0223538518617
3,2974.0824982838108,2816.807446856674,2460.31469797736,1122.9413968217898,1122.94139682179,2368.7023577884843,1909.6250412127476
4,2279.187878477767,1903.8239878628049,1483.6405859357728,581.8592865521765,523.539353121944,1868.6243897488023,1331.1013412961574
5,1651.7412909934424,1580.2536870263273,920.0239567362493,327.41486601037184,350.16712749249075,1522.7070979057537,833.1480053098742
6,1248.8100376219859,1282.0252656388157,606.9921075010232,232.367264291959,167.58920548807774,901.189692242352,679.4710275874412
7,957.2304138371089,1059.0007327645187,401.5695035225301,89.23177705676996,77.89722547541986,737.1365258188152,504.3107832146878
8,738.5039165430438,883.0435715566598,249.12134248771972,54.310335555354456,37.75445906380949,637.3325684507178,309.25741814304337
9,577.7669224110806,686.4507263003668,150.51059312469803,16.417453070779768,11.326010973548973,475.1651950601638,190.7496980634547
10,578.4505700929022,579.5173245853391,116.11617760277305,7.871452649506519,4.425291200146488,393.4358586165936,131.59281921362552
11,418.5982654572972,495.60270965923024,92.41027639585825,1.0519821352675778,0.21999936504001452,124.93882031304933,120.84420860381131
12,294.6025456077922,424.65494575725194,77.5062928731054,0.25941700321979366,0.015437407499167296,71.9141676139813,43.8839712020196
13,230.04963995204756,361.64301553423957,66.05194801643603,0.005712673321796914,4.455769353954167e-05,40.86647545477384,29.31306048753751
14,197.08407144497926,307.9079781584568,56.96920677749377,0.00013422907499156754,2.0038341983724535e-05,27.263683444403224,19.33257610766911
15,171.46215411082807,262.0600871364239,49.54166639894958,2.0037762754147693e-05,2.0038104733184985e-05,19.20142347296963,14.145563966857805
16,151.48249206744,223.35561216617805,43.45499535014726,2.003764381590861e-05,2.003815183801968e-05,3.120875979857376,2.808558084683906
17,136.2725434755368,191.00795247847387,38.370877307746056,2.003785228240802e-05,2.0038206388709468e-05,0.9202438297953437,0.6271054079637652
18,123.80515604763377,164.0689658781084,34.11874644354026,2.0037931761998064e-05,2.0038222213030017e-05,0.6910184138125213,0.16045339400206862
19,113.97667761222313,141.67126507255674,30.58188592750891,2.0037780229125487e-05,2.0038178547494193e-05,0.6573380044003542,0.04756737444233379
20,105.68482482362813,122.996335561326,27.594005730379436,2.0037865673726236e-05,2.0038150949370815e-05,0.6541766978185667,0.015238052309657206
21,98.57678509846514,107.4052559450638,25.07493247138859,2.0037799021108258e-05,2.0038165686273305e-05,0.04653848881991577,5.81387807534367e-05
22,92.42248901698756,94.22913813672336,22.92253661873116,2.003780280321964e-05,2.0038175109537663e-05,0.003439556432140758,2.0038419576335678e-05
23,87.02422922279003,83.0309634639396,21.099803525885147,2.0037801282284357e-05,2.0038175185726176e-05,0.0002962123728591714,2.0037856281320207e-05
24,82.21388478365232,73.45722618961878,19.546862271543684,2.0037800835224725e-05,2.0038175144426747e-05,3.338048251745531e-05,2.003767597135068e-05
25,77.92016384028636,65.21003561249702,18.220416737500518,2.0037800889574682e-05,2.0038175140182065e-05,2.0221415418940555e-05,2.0037830360426616e-05
26,74.05964622196275,58.04051800225181,17.084553869505655,2.0037800805108008e-05,2.0038175143210387e-05,2.003777380865671e-05,2.0037889234298776e-05
27,70.54501531226822,51.83449742649551,16.09426646160615,2.0037800807911836e-05,2.0038175145408153e-05,2.003779331251564e-05,2.0037884307682265e-05
28,67.2944983945545,46.418317039354335,15.234774353610495,2.0037800795382667e-05,2.003817514464925e-05,2.003783051104716e-05,2.003787832156433e-05
29,64.31966848237542,41.71834432196473,14.466415614129348,2.0037800799534504e-05,2.003817514464925e-05,2.0037835996580303e-05,2.003786895794692e-05
30,61.53761013673695,37.59287421919674,13.845603185807052,2.0037800814262025e-05,2.003817514464925e-05,2.003783591414164e-05,2.003790680339277e-05
31,58.93412303173519,34.035726546882074,13.266028535428532,2.0037800817772387e-05,2.003817514464925e-05,2.0037836059750553e-05,2.003789738901948e-05
32,56.49489709330636,30.961586123144066,12.640161660932026,2.0037800809558576e-05,2.003817514464925e-05,2.00378360169009e-05,2.0037886190207383e-05
33,54.19686483058982,28.25802936724276,12.016819403683204,2.0037800808664062e-05,2.003817514464925e-05,2.003783601260548e-05,2.0037886084514927e-05
34,52.02932730541614,25.953580882273677,11.425614554067636,2.0037800813987356e-05,2.003817514464925e-05,2.0037836002273384e-05,2.0037885897125123e-05
35,49.987519163807704,23.956975040760355,10.889854094618297,2.0037800817271276e-05,2.003817514464925e-05,2.003783601120022e-05,2.0037885934122993e-05
36,48.07377817194113,22.13154851151001,10.407509118578162,2.0037800817271276e-05,2.003817514464925e-05,2.003783600646755e-05,2.0037885913001448e-05
37,46.243831482716324,20.592156543084478,9.950100983193375,2.0037800817271276e-05,2.003817514464925e-05,2.0037836004834246e-05,2.0037885920782126e-05
38,44.51720783974726,19.158581676426852,9.531557503905157,2.0037800817271276e-05,2.003817514464925e-05,2.003783600482868e-05,2.003788590130977e-05
39,42.874150491373534,17.979038091506055,9.13428117133031,2.0037800817271276e-05,2.003817514464925e-05,2.003783600482868e-05,2.003788592020952e-05
40,41.30293809587508,16.888819115313698,8.757340295090488,2.0037800817271276e-05,2.003817514464925e-05,2.003783600482868e-05,2.0037885900275377e-05
41,39.79951116062682,15.96285541340585,8.390588248690745,2.0037800817271276e-05,2.003817514464925e-05,2.003783600482868e-05,2.003788590229229e-05
42,38.369138011925635,15.19273970410937,8.081701879025808,2.0037800817271276e-05,2.003817514464925e-05,2.003783600482868e-05,2.003788589874937e-05
43,37.004743256737896,14.516418847365252,7.769927009053659,2.0037800817271276e-05,2.003817514464925e-05,2.003783600482868e-05,2.003788589874937e-05
44,35.70599192408844,13.926037441002746,7.485903870546459,2.0037800817271276e-05,2.003817514464925e-05,2.003783600482868e-05,2.003788589874937e-05
45,34.45636015998755,13.41197208240956,7.124608257811525,2.0037800817271276e-05,2.003817514464925e-05,2.003783600482868e-05,2.003788589874937e-05
46,33.25586690539672,12.854280841747336,6.811314161794992,2.0037800817271276e-05,2.003817514464925e-05,2.003783600482868e-05,2.003788589874937e-05
47,32.10546325085426,12.46898745974815,6.530116076243109,2.0037800817271276e-05,2.003817514464925e-05,2.003783600482868e-05,2.003788589874937e-05
48,31.000214824566434,12.109459276435445,6.30179996046735,2.0037800817271276e-05,2.003817514464925e-05,2.003783600482868e-05,2.003788589874937e-05
49,29.939922079322585,11.68655807402532,6.09602557224443,2.0037800817271276e-05,2.003817514464925e-05,2.003783600482868e-05,2.003788589874937e-05
50,28.92125153216412,11.298593333828578,5.914792643242487,2.0037800817271276e-05,2.003817514464925e-05,2.003783600482868e-05,2.003788589874937e-05
51,27.950039512869225,11.00468800715424,5.740681086719638,2.0037800817271276e-05,2.003817514464925e-05,2.003783600482868e-05,2.003788589874937e-05
52,27.01117794294311,10.675044580122227,5.559753560696862,2.0037800817271276e-05,2.003817514464925e-05,2.003783600482868e-05,2.003788589874937e-05
53,26.118365409933972,10.355431178474593,5.409668871447971,2.0037800817271276e-05,2.003817514464925e-05,2.003783600482868e-05,2.003788589874937e-05
54,25.274693263939138,10.0770560771988,5.252778843299331,2.0037800817271276e-05,2.003817514464925e-05,2.003783600482868e-05,2.003788589874937e-05
55,24.45148533229238,9.930195550598597,5.09323832254416,2.0037800817271276e-05,2.003817514464925e-05,2.003783600482868e-05,2.003788589874937e-05
56,23.66644642936405,9.751663380387877,4.942684270517224,2.0037800817271276e-05,2.003817514464925e-05,2.003783600482868e-05,2.003788589874937e-05
57,22.91021179079567,9.344599351263572,4.78437118141957,2.0037800817271276e-05,2.003817514464925e-05,2.003783600482868e-05,2.003788589874937e-05
58,22.209151885505573,9.003827349432733,4.6004571075587615,2.0037800817271276e-05,2.003817514464925e-05,2.003783600482868e-05,2.003788589874937e-05
59,21.51373720587291,8.831192366232575,4.45091234213849,2.0037800817271276e-05,2.003817514464925e-05,2.003783600482868e-05,2.003788589874937e-05
60,20.863451108444696,8.717778270542233,4.312303070159513,2.0037800817271276e-05,2.003817514464925e-05,2.003783600482868e-05,2.003788589874937e-05
61,20.23325186912472,8.666114440192436,4.192039729747949,2.0037800817271276e-05,2.003817514464925e-05,2.003783600482868e-05,2.003788589874937e-05
62,19.63876377686601,8.595326855388379,4.079079243743886,2.0037800817271276e-05,2.003817514464925e-05,2.003783600482868e-05,2.003788589874937e-05
63,19.072482538613475,8.482499126781237,3.9487648148071335,2.0037800817271276e-05,2.003817514464925e-05,2.003783600482868e-05,2.003788589874937e-05
64,18.514072173535702,8.419585242479043,3.834831920912759,2.0037800817271276e-05,2.003817514464925e-05,2.003783600482868e-05,2.003788589874937e-05
65,17.996496641970356,8.38342422091841,3.7124836638596217,2.0037800817271276e-05,2.003817514464925e-05,2.003783600482868e-05,2.003788589874937e-05
66,17.489272536799735,8.35689029175094,3.5947262281285286,2.0037800817271276e-05,2.003817514464925e-05,2.003783600482868e-05,2.003788589874937e-05
67,17.003687244405533,8.328661956425005,3.487443564545451,2.0037800817271276e-05,2.003817514464925e-05,2.003783600482868e-05,2.003788589874937e-05
68,16.540895938292874,8.299617251730657,3.3843200060630574,2.0037800817271276e-05,2.003817514464925e-05,2.003783600482868e-05,2.003788589874937e-05
69,16.09520195459997,8.283939396373983,3.288415211834058,2.0037800817271276e-05,2.003817514464925e-05,2.003783600482868e-05,2.003788589874937e-05
70,15.669521023565807,8.264827506939437,3.190451888991429,2.0037800817271276e-05,2.003817514464925e-05,2.003783600482868e-05,2.003788589874937e-05
71,15.254168094190415,8.236860703647094,3.098046526828286,2.0037800817271276e-05,2.003817514464925e-05,2.003783600482868e-05,2.003788589874937e-05
72,14.85829193659371,8.210220665519632,3.0091611454218965,2.0037800817271276e-05,2.003817514464925e-05,2.003783600482868e-05,2.003788589874937e-05
73,14.472799960685439,8.129724053193579,2.8864430807256296,2.0037800817271276e-05,2.003817514464925e-05,2.003783600482868e-05,2.003788589874937e-05
74,14.107381262665912,8.081616097461668,2.802985801791426,2.0037800817271276e-05,2.003817514464925e-05,2.003783600482868e-05,2.003788589874937e-05
75,13.753668253235602,8.059605673858862,2.7371261650866536,2.0037800817271276e-05,2.003817514464925e-05,2.003783600482868e-05,2.003788589874937e-05
76,13.414034593854147,8.045056575933216,2.6777525726943834,2.0037800817271276e-05,2.003817514464925e-05,2.003783600482868e-05,2.003788589874937e-05
77,13.087682910030267,8.034827181454249,2.6695301094926864,2.0037800817271276e-05,2.003817514464925e-05,2.003783600482868e-05,2.003788589874937e-05
78,12.76929634319917,8.071837665301457,2.6017583582317103,2.0037800817271276e-05,2.003817514464925e-05,2.003783600482868e-05,2.003788589874937e-05
79,12.472463772567023,8.050524470809806,2.9649793893102707,2.0037800817271276e-05,2.003817514464925e-05,2.003783600482868e-05,2.003788589874937e-05
80,12.180223639284598,8.033825794716392,2.669582595431456,2.0037800817271276e-05,2.003817514464925e-05,2.003783600482868e-05,2.003788589874937e-05
81,11.894630028643869,8.0180616859199,2.6198639574380924,2.0037800817271276e-05,2.003817514464925e-05,2.003783600482868e-05,2.003788589874937e-05
82,11.622106287467183,8.012009919932899,2.365342291068723,2.0037800817271276e-05,2.003817514464925e-05,2.003783600482868e-05,2.003788589874937e-05
83,11.362195451392063,8.006152776783662,2.2541185874148613,2.0037800817271276e-05,2.003817514464925e-05,2.003783600482868e-05,2.003788589874937e-05
84,11.099236368803716,8.001612898395805,2.1869106091487196,2.0037800817271276e-05,2.003817514464925e-05,2.003783600482868e-05,2.003788589874937e-05
85,10.855939276237212,7.99632988789785,2.1394043978004533,2.0037800817271276e-05,2.003817514464925e-05,2.003783600482868e-05,2.003788589874937e-05
86,10.617838765139577,7.992978276174252,2.103852064763716,2.0037800817271276e-05,2.003817514464925e-05,2.003783600482868e-05,2.003788589874937e-05
87,10.386552008548959,7.9888284444396644,2.0760288573800962,2.0037800817271276e-05,2.003817514464925e-05,2.003783600482868e-05,2.003788589874937e-05
88,10.165574625731962,7.984381353657027,2.055835473663804,2.0037800817271276e-05,2.003817514464925e-05,2.003783600482868e-05,2.003788589874937e-05
89,9.94868544794862,7.980452085099317,2.034272047214847,2.0037800817271276e-05,2.003817514464925e-05,2.003783600482868e-05,2.003788589874937e-05
90,9.734539364564958,7.977413174311885,2.0196322341537027,2.0037800817271276e-05,2.003817514464925e-05,2.003783600482868e-05,2.003788589874937e-05
91,9.538770469596239,7.975244103814491,2.0066379613089125,2.0037800817271276e-05,2.003817514464925e-05,2.003783600482868e-05,2.003788589874937e-05
92,9.344029751912467,7.973288078243784,1.9999015188648464,2.0037800817271276e-05,2.003817514464925e-05,2.003783600482868e-05,2.003788589874937e-05
93,9.143752164041166,7.971412786971391,1.9938884807096295,2.0037800817271276e-05,2.003817514464925e-05,2.003783600482868e-05,2.003788589874937e-05
94,8.95999615186912,7.96957807757565,1.9872178472244473,2.0037800817271276e-05,2.003817514464925e-05,2.003783600482868e-05,2.003788589874937e-05
95,8.770952411100005,7.967766716210253,1.983264254672474,2.0037800817271276e-05,2.003817514464925e-05,2.003783600482868e-05,2.003788589874937e-05
96,8.60000945784637,7.965899255667728,1.9737291648858346,2.0037800817271276e-05,2.003817514464925e-05,2.003783600482868e-05,2.003788589874937e-05
97,8.427314419528107,7.964411165153479,1.9671432839050902,2.0037800817271276e-05,2.003817514464925e-05,2.003783600482868e-05,2.003788589874937e-05
98,8.261541277834441,7.962757936067061,1.9609428597776688,2.0037800817271276e-05,2.003817514464925e-05,2.003783600482868e-05,2.003788589874937e-05
99,8.099727076218922,7.961827532080794,1.956664175319325,2.0037800817271276e-05,2.003817514464925e-05,2.003783600482868e-05,2.003788589874937e-05
100,7.947081377152177,7.9610359298605164,1.9517853085112506,2.0037800817271276e-05,2.003817514464925e-05,2.003783600482868e-05,2.003788589874937e-05
