method,num_threads,repetition,runtime_seconds
Global CG,1,1,0.10816270200302824
Global CG,1,2,0.10347893598373048
Global CG,1,3,0.10366842697840184
Global CG,1,4,0.10384702400187962
Global CG,1,5,0.10343282300163992
Global CG,1,6,0.10381076301564462
Global CG,1,7,0.10377153899753466
Global CG,1,8,0.10382397100329399
Global CG,1,9,0.10367211201810278
Global CG,1,10,0.10388706900994293
Global CG,2,1,0.06575432300451212
Global CG,2,2,0.0675596010114532
Global CG,2,3,0.06565329400473274
Global CG,2,4,0.06322234400431626
Global CG,2,5,0.06910181799321435
Global CG,2,6,0.06732943400857039
Global CG,2,7,0.06990684699849226
Global CG,2,8,0.06632980701397173
Global CG,2,9,0.06728638499043882
Global CG,2,10,0.06744655501097441
Global CG,4,1,0.07514330401318148
Global CG,4,2,0.07089669100241736
Global CG,4,3,0.06775442999787629
Global CG,4,4,0.07102804200258106
Global CG,4,5,0.06944859499344602
Global CG,4,6,0.07162256201263517
Global CG,4,7,0.07211450897739269
Global CG,4,8,0.07176543798414059
Global CG,4,9,0.06821365299401805
Global CG,4,10,0.06993178100674413
Global CG,8,1,0.05327678599860519
Global CG,8,2,0.05383114097639918
Global CG,8,3,0.05268124598660506
Global CG,8,4,0.051159358001314104
Global CG,8,5,0.05237083800602704
Global CG,8,6,0.05292720498982817
Global CG,8,7,0.05047550599556416
Global CG,8,8,0.05187531598494388
Global CG,8,9,0.05340922900359146
Global CG,8,10,0.05110661601065658
Global CG,16,1,0.03864108497509733
Global CG,16,2,0.03814942800090648
Global CG,16,3,0.03851954801939428
Global CG,16,4,0.03816156499669887
Global CG,16,5,0.03825100799440406
Global CG,16,6,0.0382797579804901
Global CG,16,7,0.03790456100250594
Global CG,16,8,0.03819389900309034
Global CG,16,9,0.03807421398232691
Global CG,16,10,0.038296890998026356
Global CG,32,1,0.033479621983133256
Global CG,32,2,0.031731872993987054
Global CG,32,3,0.03166025399696082
Global CG,32,4,0.03184248600155115
Global CG,32,5,0.03307265101466328
Global CG,32,6,0.031791685993084684
Global CG,32,7,0.03170281299389899
Global CG,32,8,0.03159925100044347
Global CG,32,9,0.03155371799948625
Global CG,32,10,0.03167052898788825
Global CG,64,1,0.03602142501040362
Global CG,64,2,0.032890069007407874
Global CG,64,3,0.03320592502132058
Global CG,64,4,0.03321657900232822
Global CG,64,5,0.03297944299993105
Global CG,64,6,0.03275189900887199
Global CG,64,7,0.03304664499592036
Global CG,64,8,0.03332842397503555
Global CG,64,9,0.033124832989415154
Global CG,64,10,0.03270914001041092
Global MR,1,1,0.04914223900414072
Global MR,1,2,0.04882630301290192
Global MR,1,3,0.04873303501517512
Global MR,1,4,0.04860678099794313
Global MR,1,5,0.048376302991528064
Global MR,1,6,0.048186121013714
Global MR,1,7,0.04826378799043596
Global MR,1,8,0.04831417798413895
Global MR,1,9,0.04829024398350157
Global MR,1,10,0.04823655998916365
Global MR,2,1,0.03509253598167561
Global MR,2,2,0.03650424999068491
Global MR,2,3,0.03400275300373323
Global MR,2,4,0.034873544005677104
Global MR,2,5,0.035031260980758816
Global MR,2,6,0.03447509399848059
Global MR,2,7,0.03445219199056737
Global MR,2,8,0.03351809497689828
Global MR,2,9,0.03530638001393527
Global MR,2,10,0.033505527972010896
Global MR,4,1,0.04065586198703386
Global MR,4,2,0.03723863299819641
Global MR,4,3,0.03668690301128663
Global MR,4,4,0.03707234398461878
Global MR,4,5,0.037810540990903974
Global MR,4,6,0.037452398013556376
Global MR,4,7,0.03745020501082763
Global MR,4,8,0.03714618500089273
Global MR,4,9,0.03662379499292001
Global MR,4,10,0.03641781100304797
Global MR,8,1,0.026120169000932947
Global MR,8,2,0.02558178798062727
Global MR,8,3,0.025573555991286412
Global MR,8,4,0.025596327002858743
Global MR,8,5,0.02551445399876684
Global MR,8,6,0.025464895996265113
Global MR,8,7,0.025470894994214177
Global MR,8,8,0.025597528991056606
Global MR,8,9,0.025550724007189274
Global MR,8,10,0.02542692399583757
Global MR,16,1,0.019319065992021933
Global MR,16,2,0.018992236000485718
Global MR,16,3,0.018962023983476683
Global MR,16,4,0.019731843989575282
Global MR,16,5,0.018950839003082365
Global MR,16,6,0.018892988009611145
Global MR,16,7,0.019008158007636666
Global MR,16,8,0.018824002996552736
Global MR,16,9,0.018779292004182935
Global MR,16,10,0.01870408799732104
Global MR,32,1,0.016548096988117322
Global MR,32,2,0.01594578701769933
Global MR,32,3,0.016018366994103417
Global MR,32,4,0.015963851008564234
Global MR,32,5,0.015857835009228438
Global MR,32,6,0.01588009699480608
Global MR,32,7,0.015828075003810227
Global MR,32,8,0.01572662399848923
Global MR,32,9,0.01570727801299654
Global MR,32,10,0.01566538101178594
Global MR,64,1,0.01630263900733553
Global MR,64,2,0.015413443004945293
Global MR,64,3,0.015325831976952031
Global MR,64,4,0.015296481986297294
Global MR,64,5,0.01532329901237972
Global MR,64,6,0.01564787598908879
Global MR,64,7,0.015321665996452793
Global MR,64,8,0.015452036022907123
Global MR,64,9,0.015473895997274667
Global MR,64,10,0.015359027980593964
Global LOMR,1,1,0.16977530598524027
Global LOMR,1,2,0.166193740995368
Global LOMR,1,3,0.1663980720040854
Global LOMR,1,4,0.1667127360124141
Global LOMR,1,5,0.1657070099900011
Global LOMR,1,6,0.1665328779781703
Global LOMR,1,7,0.1654110719973687
Global LOMR,1,8,0.16611364000709727
Global LOMR,1,9,0.16618524899240583
Global LOMR,1,10,0.16587581299245358
Global LOMR,2,1,0.13877269899239764
Global LOMR,2,2,0.13670479899155907
Global LOMR,2,3,0.1279262799944263
Global LOMR,2,4,0.12796423200052232
Global LOMR,2,5,0.13685314301983453
Global LOMR,2,6,0.1269467899983283
Global LOMR,2,7,0.1329000650148373
Global LOMR,2,8,0.1285115260106977
Global LOMR,2,9,0.14739610298420303
Global LOMR,2,10,0.12588454599608667
Global LOMR,4,1,0.10966161702526733
Global LOMR,4,2,0.10491724900202826
Global LOMR,4,3,0.10278885599109344
Global LOMR,4,4,0.10430855001322925
Global LOMR,4,5,0.10321575301350094
Global LOMR,4,6,0.10308610400534235
Global LOMR,4,7,0.10348652699030936
Global LOMR,4,8,0.1028968139726203
Global LOMR,4,9,0.10456407099263743
Global LOMR,4,10,0.10593570198398083
Global LOMR,8,1,0.07053190897568129
Global LOMR,8,2,0.07084825399215333
Global LOMR,8,3,0.07070991399814375
Global LOMR,8,4,0.07076038300874643
Global LOMR,8,5,0.07030313301947899
Global LOMR,8,6,0.07161256700055674
Global LOMR,8,7,0.07131584800663404
Global LOMR,8,8,0.07134020200464875
Global LOMR,8,9,0.07112643800792284
Global LOMR,8,10,0.07134682100149803
Global LOMR,16,1,0.05794096499448642
Global LOMR,16,2,0.05802048399345949
Global LOMR,16,3,0.05760790599742904
Global LOMR,16,4,0.05893728797673248
Global LOMR,16,5,0.05676106899045408
Global LOMR,16,6,0.05753517500124872
Global LOMR,16,7,0.05605751898838207
Global LOMR,16,8,0.04690399399260059
Global LOMR,16,9,0.04651801200816408
Global LOMR,16,10,0.04691293599898927
Global LOMR,32,1,0.038373946998035535
Global LOMR,32,2,0.038007002003723755
Global LOMR,32,3,0.03792962498846464
Global LOMR,32,4,0.037708660995122045
Global LOMR,32,5,0.03804975998355076
Global LOMR,32,6,0.0381278779823333
Global LOMR,32,7,0.038386815023841336
Global LOMR,32,8,0.038135098991915584
Global LOMR,32,9,0.038365455984603614
Global LOMR,32,10,0.03857929099467583
Global LOMR,64,1,0.0401340429962147
Global LOMR,64,2,0.03932067201822065
Global LOMR,64,3,0.03871362598147243
Global LOMR,64,4,0.03870892900158651
Global LOMR,64,5,0.03902495501097292
Global LOMR,64,6,0.03951833499013446
Global LOMR,64,7,0.03945061101694591
Global LOMR,64,8,0.038851174991577864
Global LOMR,64,9,0.039393311977619305
Global LOMR,64,10,0.03868222201708704
Inner-outer - 2 inner iter MR,1,1,0.518978262989549
Inner-outer - 2 inner iter MR,1,2,0.5041407140088268
Inner-outer - 2 inner iter MR,1,3,0.5055148969986476
Inner-outer - 2 inner iter MR,1,4,0.507838980993256
Inner-outer - 2 inner iter MR,1,5,0.5018401829875074
Inner-outer - 2 inner iter MR,1,6,0.5060177599953022
Inner-outer - 2 inner iter MR,1,7,0.5016516929899808
Inner-outer - 2 inner iter MR,1,8,0.507104096992407
Inner-outer - 2 inner iter MR,1,9,0.5061394290241878
Inner-outer - 2 inner iter MR,1,10,0.5064653770241421
Inner-outer - 2 inner iter MR,2,1,0.3223205370013602
Inner-outer - 2 inner iter MR,2,2,0.33846383600030094
Inner-outer - 2 inner iter MR,2,3,0.3264530420128722
Inner-outer - 2 inner iter MR,2,4,0.3327347399899736
Inner-outer - 2 inner iter MR,2,5,0.31688052901881747
Inner-outer - 2 inner iter MR,2,6,0.3314303219958674
Inner-outer - 2 inner iter MR,2,7,0.33506651400239207
Inner-outer - 2 inner iter MR,2,8,0.3340489009860903
Inner-outer - 2 inner iter MR,2,9,0.3173756310134195
Inner-outer - 2 inner iter MR,2,10,0.3269272260076832
Inner-outer - 2 inner iter MR,4,1,0.23023831800674088
Inner-outer - 2 inner iter MR,4,2,0.22949258898734115
Inner-outer - 2 inner iter MR,4,3,0.2320039309852291
Inner-outer - 2 inner iter MR,4,4,0.2321605070028454
Inner-outer - 2 inner iter MR,4,5,0.23401610399014316
Inner-outer - 2 inner iter MR,4,6,0.23375911000766791
Inner-outer - 2 inner iter MR,4,7,0.23865812201984227
Inner-outer - 2 inner iter MR,4,8,0.2321050699974876
Inner-outer - 2 inner iter MR,4,9,0.23378998201224022
Inner-outer - 2 inner iter MR,4,10,0.23455786099657416
Inner-outer - 2 inner iter MR,8,1,0.14363636099733412
Inner-outer - 2 inner iter MR,8,2,0.14350631198612973
Inner-outer - 2 inner iter MR,8,3,0.14424789397162385
Inner-outer - 2 inner iter MR,8,4,0.14208913000766188
Inner-outer - 2 inner iter MR,8,5,0.1474600409856066
Inner-outer - 2 inner iter MR,8,6,0.14468140198732726
Inner-outer - 2 inner iter MR,8,7,0.1431636399938725
Inner-outer - 2 inner iter MR,8,8,0.1468768380000256
Inner-outer - 2 inner iter MR,8,9,0.14531899098074064
Inner-outer - 2 inner iter MR,8,10,0.14514375998987816
Inner-outer - 2 inner iter MR,16,1,0.1263974019966554
Inner-outer - 2 inner iter MR,16,2,0.1246188820223324
Inner-outer - 2 inner iter MR,16,3,0.12474995199590921
Inner-outer - 2 inner iter MR,16,4,0.12482382397865877
Inner-outer - 2 inner iter MR,16,5,0.1234228530083783
Inner-outer - 2 inner iter MR,16,6,0.12481992901302874
Inner-outer - 2 inner iter MR,16,7,0.12429494500975125
Inner-outer - 2 inner iter MR,16,8,0.12302347298827954
Inner-outer - 2 inner iter MR,16,9,0.12413644697517157
Inner-outer - 2 inner iter MR,16,10,0.12074939900776371
Inner-outer - 2 inner iter MR,32,1,0.1321735030214768
Inner-outer - 2 inner iter MR,32,2,0.12337886201567017
Inner-outer - 2 inner iter MR,32,3,0.12486209601047449
Inner-outer - 2 inner iter MR,32,4,0.126370184996631
Inner-outer - 2 inner iter MR,32,5,0.12114585400559008
Inner-outer - 2 inner iter MR,32,6,0.11342519402387552
Inner-outer - 2 inner iter MR,32,7,0.10502081099548377
Inner-outer - 2 inner iter MR,32,8,0.09183577899239026
Inner-outer - 2 inner iter MR,32,9,0.09047493399702944
Inner-outer - 2 inner iter MR,32,10,0.08990267498302273
Inner-outer - 2 inner iter MR,64,1,0.07965293899178505
Inner-outer - 2 inner iter MR,64,2,0.08025663101579994
Inner-outer - 2 inner iter MR,64,3,0.08150603299145587
Inner-outer - 2 inner iter MR,64,4,0.07977094099624082
Inner-outer - 2 inner iter MR,64,5,0.0783057619992178
Inner-outer - 2 inner iter MR,64,6,0.08084903701092117
Inner-outer - 2 inner iter MR,64,7,0.08083193300990388
Inner-outer - 2 inner iter MR,64,8,0.07925667299423367
Inner-outer - 2 inner iter MR,64,9,0.07849479201831855
Inner-outer - 2 inner iter MR,64,10,0.0807637189864181
Inner-outer - 2 inner iter LOMR,1,1,0.6193462109949905
Inner-outer - 2 inner iter LOMR,1,2,0.6192869090009481
Inner-outer - 2 inner iter LOMR,1,3,0.6216475029941648
Inner-outer - 2 inner iter LOMR,1,4,0.6240253300056793
Inner-outer - 2 inner iter LOMR,1,5,0.6212555230013095
Inner-outer - 2 inner iter LOMR,1,6,0.6221094799984712
Inner-outer - 2 inner iter LOMR,1,7,0.6214104859973304
Inner-outer - 2 inner iter LOMR,1,8,0.6202689229976386
Inner-outer - 2 inner iter LOMR,1,9,0.6219181060150731
Inner-outer - 2 inner iter LOMR,1,10,0.6223098160116933
Inner-outer - 2 inner iter LOMR,2,1,0.3856256539875176
Inner-outer - 2 inner iter LOMR,2,2,0.38126618598471396
Inner-outer - 2 inner iter LOMR,2,3,0.39007840200793
Inner-outer - 2 inner iter LOMR,2,4,0.3720399410231039
Inner-outer - 2 inner iter LOMR,2,5,0.38659360900055617
Inner-outer - 2 inner iter LOMR,2,6,0.37994332300149836
Inner-outer - 2 inner iter LOMR,2,7,0.3728405539877713
Inner-outer - 2 inner iter LOMR,2,8,0.38483185099903494
Inner-outer - 2 inner iter LOMR,2,9,0.38588744497974403
Inner-outer - 2 inner iter LOMR,2,10,0.3732381020090543
Inner-outer - 2 inner iter LOMR,4,1,0.27710003301035613
Inner-outer - 2 inner iter LOMR,4,2,0.2679768890084233
Inner-outer - 2 inner iter LOMR,4,3,0.27233003900619224
Inner-outer - 2 inner iter LOMR,4,4,0.26189066100050695
Inner-outer - 2 inner iter LOMR,4,5,0.2654341149900574
Inner-outer - 2 inner iter LOMR,4,6,0.2657336769916583
Inner-outer - 2 inner iter LOMR,4,7,0.2659595589793753
Inner-outer - 2 inner iter LOMR,4,8,0.2760492550150957
Inner-outer - 2 inner iter LOMR,4,9,0.2673115729994606
Inner-outer - 2 inner iter LOMR,4,10,0.2713027930003591
Inner-outer - 2 inner iter LOMR,8,1,0.16917547999764793
Inner-outer - 2 inner iter LOMR,8,2,0.17419022100511938
Inner-outer - 2 inner iter LOMR,8,3,0.17181346600409597
Inner-outer - 2 inner iter LOMR,8,4,0.1713990050193388
Inner-outer - 2 inner iter LOMR,8,5,0.17169088701484725
Inner-outer - 2 inner iter LOMR,8,6,0.1713660189998336
Inner-outer - 2 inner iter LOMR,8,7,0.17153680499177426
Inner-outer - 2 inner iter LOMR,8,8,0.17037014602101408
Inner-outer - 2 inner iter LOMR,8,9,0.17215075000422075
Inner-outer - 2 inner iter LOMR,8,10,0.17215838099946268
Inner-outer - 2 inner iter LOMR,16,1,0.13781285600271076
Inner-outer - 2 inner iter LOMR,16,2,0.1373505079827737
Inner-outer - 2 inner iter LOMR,16,3,0.13500319299055263
Inner-outer - 2 inner iter LOMR,16,4,0.13588490901747718
Inner-outer - 2 inner iter LOMR,16,5,0.1376631390012335
Inner-outer - 2 inner iter LOMR,16,6,0.13810389701393433
Inner-outer - 2 inner iter LOMR,16,7,0.13869061501463875
Inner-outer - 2 inner iter LOMR,16,8,0.135982432984747
Inner-outer - 2 inner iter LOMR,16,9,0.13521502498770133
Inner-outer - 2 inner iter LOMR,16,10,0.1381534649990499
Inner-outer - 2 inner iter LOMR,32,1,0.1286895320226904
Inner-outer - 2 inner iter LOMR,32,2,0.12893201599945314
Inner-outer - 2 inner iter LOMR,32,3,0.12913059900165536
Inner-outer - 2 inner iter LOMR,32,4,0.1265931629750412
Inner-outer - 2 inner iter LOMR,32,5,0.12237121400539763
Inner-outer - 2 inner iter LOMR,32,6,0.09718555200379342
Inner-outer - 2 inner iter LOMR,32,7,0.09584279099362902
Inner-outer - 2 inner iter LOMR,32,8,0.09564758199849166
Inner-outer - 2 inner iter LOMR,32,9,0.09823834398412146
Inner-outer - 2 inner iter LOMR,32,10,0.09601819299859926
Inner-outer - 2 inner iter LOMR,64,1,0.08770932201878168
Inner-outer - 2 inner iter LOMR,64,2,0.08605855700443499
Inner-outer - 2 inner iter LOMR,64,3,0.08631515101296827
Inner-outer - 2 inner iter LOMR,64,4,0.08685757798957638
Inner-outer - 2 inner iter LOMR,64,5,0.08614802101510577
Inner-outer - 2 inner iter LOMR,64,6,0.08756210998399183
Inner-outer - 2 inner iter LOMR,64,7,0.08698990000993945
Inner-outer - 2 inner iter LOMR,64,8,0.08609923301264644
Inner-outer - 2 inner iter LOMR,64,9,0.08800899499328807
Inner-outer - 2 inner iter LOMR,64,10,0.08760907399118878
Inner-outer - 5 inner iter MR,1,1,0.42117296598735265
Inner-outer - 5 inner iter MR,1,2,0.4141747520188801
Inner-outer - 5 inner iter MR,1,3,0.4126045770244673
Inner-outer - 5 inner iter MR,1,4,0.4105740490194876
Inner-outer - 5 inner iter MR,1,5,0.4104213679966051
Inner-outer - 5 inner iter MR,1,6,0.4105404930014629
Inner-outer - 5 inner iter MR,1,7,0.4134865830128547
Inner-outer - 5 inner iter MR,1,8,0.41187683399766684
Inner-outer - 5 inner iter MR,1,9,0.4098069619794842
Inner-outer - 5 inner iter MR,1,10,0.41093718001502566
Inner-outer - 5 inner iter MR,2,1,0.2821664960065391
Inner-outer - 5 inner iter MR,2,2,0.2574084030056838
Inner-outer - 5 inner iter MR,2,3,0.2557920959952753
Inner-outer - 5 inner iter MR,2,4,0.25412576997769065
Inner-outer - 5 inner iter MR,2,5,0.25257280000369065
Inner-outer - 5 inner iter MR,2,6,0.2730824360041879
Inner-outer - 5 inner iter MR,2,7,0.2476547519909218
Inner-outer - 5 inner iter MR,2,8,0.24724103100015782
Inner-outer - 5 inner iter MR,2,9,0.2479831539967563
Inner-outer - 5 inner iter MR,2,10,0.2621907950087916
Inner-outer - 5 inner iter MR,4,1,0.18713778600795195
Inner-outer - 5 inner iter MR,4,2,0.19796355598373339
Inner-outer - 5 inner iter MR,4,3,0.19023477399605326
Inner-outer - 5 inner iter MR,4,4,0.19511996701476164
Inner-outer - 5 inner iter MR,4,5,0.19394165300764143
Inner-outer - 5 inner iter MR,4,6,0.19057153799803928
Inner-outer - 5 inner iter MR,4,7,0.19139964901842177
Inner-outer - 5 inner iter MR,4,8,0.19163036800455302
Inner-outer - 5 inner iter MR,4,9,0.18998711300082505
Inner-outer - 5 inner iter MR,4,10,0.18860033201053739
Inner-outer - 5 inner iter MR,8,1,0.11695113399764523
Inner-outer - 5 inner iter MR,8,2,0.11673374398378655
Inner-outer - 5 inner iter MR,8,3,0.11709168701781891
Inner-outer - 5 inner iter MR,8,4,0.11609519401099533
Inner-outer - 5 inner iter MR,8,5,0.11737201400683261
Inner-outer - 5 inner iter MR,8,6,0.11838347799493931
Inner-outer - 5 inner iter MR,8,7,0.11708587998873554
Inner-outer - 5 inner iter MR,8,8,0.1171857769950293
Inner-outer - 5 inner iter MR,8,9,0.11665365300723352
Inner-outer - 5 inner iter MR,8,10,0.11662450400763191
Inner-outer - 5 inner iter MR,16,1,0.08737292801379226
Inner-outer - 5 inner iter MR,16,2,0.08877153601497412
Inner-outer - 5 inner iter MR,16,3,0.09218898601830006
Inner-outer - 5 inner iter MR,16,4,0.08784012301475741
Inner-outer - 5 inner iter MR,16,5,0.08871251498931088
Inner-outer - 5 inner iter MR,16,6,0.08935406900127418
Inner-outer - 5 inner iter MR,16,7,0.0894316760241054
Inner-outer - 5 inner iter MR,16,8,0.09041435999097303
Inner-outer - 5 inner iter MR,16,9,0.08804676801082678
Inner-outer - 5 inner iter MR,16,10,0.08875901901046745
Inner-outer - 5 inner iter MR,32,1,0.09229947900166735
Inner-outer - 5 inner iter MR,32,2,0.09036670500063337
Inner-outer - 5 inner iter MR,32,3,0.08968511500279419
Inner-outer - 5 inner iter MR,32,4,0.09078758500982076
Inner-outer - 5 inner iter MR,32,5,0.09099923699977808
Inner-outer - 5 inner iter MR,32,6,0.08838929000194184
Inner-outer - 5 inner iter MR,32,7,0.08584620500914752
Inner-outer - 5 inner iter MR,32,8,0.08632436400512233
Inner-outer - 5 inner iter MR,32,9,0.08095576401683502
Inner-outer - 5 inner iter MR,32,10,0.07705753200571053
Inner-outer - 5 inner iter MR,64,1,0.0602475939958822
Inner-outer - 5 inner iter MR,64,2,0.058875713002635166
Inner-outer - 5 inner iter MR,64,3,0.06089952299953438
Inner-outer - 5 inner iter MR,64,4,0.05959730799077079
Inner-outer - 5 inner iter MR,64,5,0.05775452801026404
Inner-outer - 5 inner iter MR,64,6,0.0587891640025191
Inner-outer - 5 inner iter MR,64,7,0.05900107600609772
Inner-outer - 5 inner iter MR,64,8,0.058463334979023784
Inner-outer - 5 inner iter MR,64,9,0.05870871301158331
Inner-outer - 5 inner iter MR,64,10,0.059527000004891306
Inner-outer - 5 inner iter LOMR,1,1,0.46531618500011973
Inner-outer - 5 inner iter LOMR,1,2,0.46919949699076824
Inner-outer - 5 inner iter LOMR,1,3,0.4674053239868954
Inner-outer - 5 inner iter LOMR,1,4,0.46551576000638306
Inner-outer - 5 inner iter LOMR,1,5,0.4692057459906209
Inner-outer - 5 inner iter LOMR,1,6,0.4683853950118646
Inner-outer - 5 inner iter LOMR,1,7,0.46849948199815117
Inner-outer - 5 inner iter LOMR,1,8,0.4670885880186688
Inner-outer - 5 inner iter LOMR,1,9,0.46865081100258976
Inner-outer - 5 inner iter LOMR,1,10,0.46641462901607156
Inner-outer - 5 inner iter LOMR,2,1,0.31450431401026435
Inner-outer - 5 inner iter LOMR,2,2,0.33237963999272324
Inner-outer - 5 inner iter LOMR,2,3,0.33369092701468617
Inner-outer - 5 inner iter LOMR,2,4,0.3288230279868003
Inner-outer - 5 inner iter LOMR,2,5,0.32096260599792004
Inner-outer - 5 inner iter LOMR,2,6,0.32201789898681454
Inner-outer - 5 inner iter LOMR,2,7,0.3310983940027654
Inner-outer - 5 inner iter LOMR,2,8,0.3330017180123832
Inner-outer - 5 inner iter LOMR,2,9,0.33509105700068176
Inner-outer - 5 inner iter LOMR,2,10,0.323994533973746
Inner-outer - 5 inner iter LOMR,4,1,0.22829786301008426
Inner-outer - 5 inner iter LOMR,4,2,0.2300932770012878
Inner-outer - 5 inner iter LOMR,4,3,0.22303243598435074
Inner-outer - 5 inner iter LOMR,4,4,0.23054866498569027
Inner-outer - 5 inner iter LOMR,4,5,0.23233349501970224
Inner-outer - 5 inner iter LOMR,4,6,0.22875760699389502
Inner-outer - 5 inner iter LOMR,4,7,0.23015190800651908
Inner-outer - 5 inner iter LOMR,4,8,0.22816657199291512
Inner-outer - 5 inner iter LOMR,4,9,0.23377609299495816
Inner-outer - 5 inner iter LOMR,4,10,0.23036532299011014
Inner-outer - 5 inner iter LOMR,8,1,0.14565326101728715
Inner-outer - 5 inner iter LOMR,8,2,0.14577182399807498
Inner-outer - 5 inner iter LOMR,8,3,0.1457759699842427
Inner-outer - 5 inner iter LOMR,8,4,0.14453018302447163
Inner-outer - 5 inner iter LOMR,8,5,0.14649417001055554
Inner-outer - 5 inner iter LOMR,8,6,0.1467182589985896
Inner-outer - 5 inner iter LOMR,8,7,0.1469261760066729
Inner-outer - 5 inner iter LOMR,8,8,0.14387562099727802
Inner-outer - 5 inner iter LOMR,8,9,0.14646192599320784
Inner-outer - 5 inner iter LOMR,8,10,0.14759878301993012
Inner-outer - 5 inner iter LOMR,16,1,0.12621966801816598
Inner-outer - 5 inner iter LOMR,16,2,0.11362702198675834
Inner-outer - 5 inner iter LOMR,16,3,0.11151906699524261
Inner-outer - 5 inner iter LOMR,16,4,0.11206438898807392
Inner-outer - 5 inner iter LOMR,16,5,0.10636102798162028
Inner-outer - 5 inner iter LOMR,16,6,0.10971696299384348
Inner-outer - 5 inner iter LOMR,16,7,0.10847229798673652
Inner-outer - 5 inner iter LOMR,16,8,0.10831649298779666
Inner-outer - 5 inner iter LOMR,16,9,0.10956463299226016
Inner-outer - 5 inner iter LOMR,16,10,0.108970244997181
Inner-outer - 5 inner iter LOMR,32,1,0.10100018000230193
Inner-outer - 5 inner iter LOMR,32,2,0.09890949801774696
Inner-outer - 5 inner iter LOMR,32,3,0.09991071798140183
Inner-outer - 5 inner iter LOMR,32,4,0.10021985400817357
Inner-outer - 5 inner iter LOMR,32,5,0.09884092400898226
Inner-outer - 5 inner iter LOMR,32,6,0.09043809300055727
Inner-outer - 5 inner iter LOMR,32,7,0.08014961300068535
Inner-outer - 5 inner iter LOMR,32,8,0.08074493400636129
Inner-outer - 5 inner iter LOMR,32,9,0.08077094898908399
Inner-outer - 5 inner iter LOMR,32,10,0.08071326999925077
Inner-outer - 5 inner iter LOMR,64,1,0.06934733499656431
Inner-outer - 5 inner iter LOMR,64,2,0.06892361200880259
Inner-outer - 5 inner iter LOMR,64,3,0.06980343401664868
Inner-outer - 5 inner iter LOMR,64,4,0.06879571499302983
Inner-outer - 5 inner iter LOMR,64,5,0.06932214100379497
Inner-outer - 5 inner iter LOMR,64,6,0.06789240101352334
Inner-outer - 5 inner iter LOMR,64,7,0.06935209198854864
Inner-outer - 5 inner iter LOMR,64,8,0.06839887899695896
Inner-outer - 5 inner iter LOMR,64,9,0.06897233799099922
Inner-outer - 5 inner iter LOMR,64,10,0.06881455102120526
