Iteration,Global CG,Global MR,Global LOMR,Inner-outer MR,Inner-outer LOMR
0,58.2005378499846,58.2005378499846,58.2005378499846,58.2005378499846,58.2005378499846
1,27.346901395869207,42.08478811530064,23.170911002533558,20.91467515073375,20.91467515073375
2,29.07615096311474,40.63263275680145,17.486814383296966,15.45326324147082,15.45326324147082
3,21.439568958132853,40.59553674314643,12.636792414520396,7.157416783672104,7.1574167836721045
4,22.010733485878113,40.5945553126185,9.344483511912639,4.706853155382168,3.8488481221207698
5,26.99160879549228,40.59452932345125,8.301697282955619,2.6235938789605795,2.4706689875163477
6,28.508516980942456,40.594528635217806,6.875841082380458,2.3271099046421617,2.2021398542927453
7,43.69384577468153,40.59452861699228,6.714360175099842,1.6133795407124707,1.5818507480359068
8,48.33488378908907,40.59452861650968,6.1676987819985,1.401259109253636,1.4277875636144086
9,58.28376696723816,40.59452861649688,6.1117101385204675,1.0290611484102197,1.0843273927362798
10,56.919209691033366,40.59452861649655,5.84534588319367,1.0151586589894166,1.0559571612099763
11,63.11304226607441,40.59452861649654,5.837068787999883,1.0027223170417086,1.0049901735745541
12,60.739148193191134,40.59452861649654,5.69241291676247,1.0025880083952756,1.0040765888627978
13,65.76415585582778,40.59452861649654,5.695448780146665,1.0021209672301135,1.0020770085827646
14,61.5821963660606,40.59452861649654,5.604626585151575,1.0013935813524981,1.001962648895844
15,61.961140138674786,40.59452861649654,5.606431589921891,0.9775211245553362,0.9829850143118466
16,54.98024688267994,40.59452861649654,5.5302919337906715,0.9539544734615343,0.9666878094146067
17,61.792486889767794,40.59452861649654,5.542736447008976,0.3274325841824001,0.2763336457267576
18,49.80251975276149,40.59452861649654,5.4723964460710475,0.19391157003857376,0.16077092495045714
19,58.449616844970876,40.59452861649654,5.512276847357072,0.002034046574293182,0.0016506973223387995
20,47.891383023049926,40.59452861649654,5.454521967863744,0.00013166900904154464,2.487543428303284e-05
21,48.33323267708542,40.59452861649654,5.5259685664169025,2.4967030811682823e-07,2.697905509677577e-08
22,43.59354070291609,40.59452861649654,5.463648028890937,2.4967030811682823e-07,2.7793644572321774e-09
23,48.6438204196264,40.59452861649654,5.497204202884807,2.4967717602416825e-07,2.7793644572321774e-09
24,44.826078312802245,40.59452861649654,5.415076091066193,2.4967717602416825e-07,2.299639188481946e-09
25,45.709672504053486,40.59452861649654,5.436528137419002,2.4967717602416825e-07,2.299639188481946e-09
26,42.19077393150597,40.59452861649654,5.343986368051337,2.4967717602416825e-07,2.1773265984834803e-09
27,40.039072043502514,40.59452861649654,5.331183451933435,2.4967717602416825e-07,2.1773265984834803e-09
28,35.83716901164905,40.59452861649654,5.229832220032157,2.4967717602416825e-07,2.622557783603855e-09
29,37.188370185349626,40.59452861649654,5.186228925395158,2.4967717602416825e-07,2.622557783603855e-09
30,35.962951822210094,40.59452861649654,5.058777875318652,2.4967717602416825e-07,2.093026899770843e-09
31,34.73611983073929,40.59452861649654,5.007798021858991,2.4967717602416825e-07,2.093026899770843e-09
32,31.053624946997203,40.59452861649654,4.857441131746763,2.4967717602416825e-07,2.5877190963974005e-09
33,28.73401788504724,40.59452861649654,4.788123847547828,2.4967717602416825e-07,2.5877190963974005e-09
34,26.12676881374527,40.59452861649654,4.620961879601109,2.4967717602416825e-07,1.5075394972999141e-09
35,25.928384252566307,40.59452861649654,4.508302525455308,2.4967717602416825e-07,1.5075394972999141e-09
36,24.992283704309656,40.59452861649654,4.284145510825982,2.4967717602416825e-07,1.9941298293957982e-09
37,24.418241364020915,40.59452861649654,4.165009995759788,2.4967717602416825e-07,1.9941298293957982e-09
38,22.245340888911695,40.59452861649654,3.9392002096077627,2.4967717602416825e-07,1.9727783959833948e-09
39,22.071726713882775,40.59452861649654,3.812713486071421,2.4967717602416825e-07,1.9727783959833948e-09
40,20.587036962338278,40.59452861649654,3.607568030132401,2.4967717602416825e-07,2.3755967768126565e-09
41,21.10579103538822,40.59452861649654,3.5082738444704136,2.4967717602416825e-07,2.3755967768126565e-09
42,20.56590228109525,40.59452861649654,3.349459770234929,2.4967717602416825e-07,2.8834175494107765e-09
43,20.849453061976632,40.59452861649654,3.2532592985846245,2.4967717602416825e-07,2.8834175494107765e-09
44,19.47843959562353,40.59452861649654,3.135393707369598,2.4967717602416825e-07,2.6209527884830678e-09
45,21.485351794369983,40.59452861649654,3.0619025851134225,2.4967717602416825e-07,2.6209527884830678e-09
46,20.584474444764844,40.59452861649654,2.9594070865562543,2.4967717602416825e-07,2.4472561953686523e-09
47,22.708490257800992,40.59452861649654,2.892082945854368,2.4967717602416825e-07,2.4472561953686523e-09
48,23.514408424830815,40.59452861649654,2.8272318682417015,2.4967717602416825e-07,1.7867837857677164e-09
49,25.16248535737212,40.59452861649654,2.8000999008439624,2.4967717602416825e-07,1.7867837857677164e-09
50,24.874082377096453,40.59452861649654,2.750980794538838,2.4967717602416825e-07,2.111347216920889e-09
51,25.769286396764258,40.59452861649654,2.7373161495889278,2.4967717602416825e-07,2.111347216920889e-09
52,25.510993595213517,40.59452861649654,2.7123380519721354,2.4967717602416825e-07,1.841028310409666e-09
53,24.164108888185066,40.59452861649654,2.7238648646885935,2.4967717602416825e-07,1.841028310409666e-09
54,21.12585224221242,40.59452861649654,2.6987782487744956,2.4967717602416825e-07,1.5862286900217734e-09
55,20.169690519599545,40.59452861649654,2.6879900977023112,2.4967717602416825e-07,1.5862286900217734e-09
56,19.90888390258777,40.59452861649654,2.651692399064417,2.4967717602416825e-07,2.27213762172396e-09
57,19.831872103329854,40.59452861649654,2.629498037898558,2.4967717602416825e-07,2.27213762172396e-09
58,21.1977080504906,40.59452861649654,2.580597525305475,2.4967717602416825e-07,1.913925685621159e-09
59,22.613329334196646,40.59452861649654,2.5421260980222735,2.4967717602416825e-07,1.913925685621159e-09
60,24.010283044930024,40.59452861649654,2.5086892200313162,2.4967717602416825e-07,1.8262397503400407e-09
61,,40.59452861649654,,2.4967717602416825e-07,1.8262397503400407e-09
62,,40.59452861649654,,2.4967717602416825e-07,2.401426459322995e-09
63,,40.59452861649654,,2.4967717602416825e-07,2.401426459322995e-09
64,,40.59452861649654,,2.4967717602416825e-07,2.6741341223317617e-09
65,,40.59452861649654,,2.4967717602416825e-07,2.6741341223317617e-09
66,,40.59452861649654,,2.4967717602416825e-07,1.3201408617444677e-09
67,,40.59452861649654,,2.4967717602416825e-07,1.3201408617444677e-09
68,,40.59452861649654,,2.4967717602416825e-07,2.955997571429632e-09
69,,40.59452861649654,,2.4967717602416825e-07,2.955997571429632e-09
70,,40.59452861649654,,2.4967717602416825e-07,3.4384341717960145e-09
71,,40.59452861649654,,2.4967717602416825e-07,3.4384341717960145e-09
72,,40.59452861649654,,2.4967717602416825e-07,2.0066559570015373e-09
73,,40.59452861649654,,2.4967717602416825e-07,2.0066559570015373e-09
74,,40.59452861649654,,2.4967717602416825e-07,1.5850951200520098e-09
75,,40.59452861649654,,2.4967717602416825e-07,1.5850951200520098e-09
76,,40.59452861649654,,2.4967717602416825e-07,3.328557093096279e-09
77,,40.59452861649654,,2.4967717602416825e-07,3.328557093096279e-09
78,,40.59452861649654,,2.4967717602416825e-07,2.4060856996388655e-09
79,,40.59452861649654,,2.4967717602416825e-07,2.4060856996388655e-09
80,,40.59452861649654,,2.4967717602416825e-07,2.5095637998313616e-09
81,,40.59452861649654,,2.4967717602416825e-07,2.5095637998313616e-09
82,,40.59452861649654,,2.4967717602416825e-07,2.7398074157794552e-09
83,,40.59452861649654,,2.4967717602416825e-07,2.7398074157794552e-09
84,,40.59452861649654,,2.4967717602416825e-07,3.386876340032045e-09
85,,40.59452861649654,,2.4967717602416825e-07,3.386876340032045e-09
86,,40.59452861649654,,2.4967717602416825e-07,2.467816558105186e-09
87,,40.59452861649654,,2.4967717602416825e-07,2.467816558105186e-09
88,,40.59452861649654,,2.4967717602416825e-07,1.6161182848331257e-09
89,,40.59452861649654,,2.4967717602416825e-07,1.6161182848331257e-09
90,,40.59452861649654,,2.4967717602416825e-07,1.64739067988811e-09
91,,40.59452861649654,,2.4967717602416825e-07,1.64739067988811e-09
92,,40.59452861649654,,2.4967717602416825e-07,1.5944465724863145e-09
93,,40.59452861649654,,2.4967717602416825e-07,1.5944465724863145e-09
94,,40.59452861649654,,2.4967717602416825e-07,2.2452149688065673e-09
95,,40.59452861649654,,2.4967717602416825e-07,2.2452149688065673e-09
96,,40.59452861649654,,2.4967717602416825e-07,2.7015049271152048e-09
97,,40.59452861649654,,2.4967717602416825e-07,2.7015049271152048e-09
98,,40.59452861649654,,2.4967717602416825e-07,2.6978252097732094e-09
99,,40.59452861649654,,2.4967717602416825e-07,2.6978252097732094e-09
100,,40.59452861649654,,2.4967717602416825e-07,2.311641692153596e-09
101,,40.59452861649654,,2.4967717602416825e-07,2.311641692153596e-09
102,,40.59452861649654,,2.4967717602416825e-07,2.797092883319591e-09
103,,40.59452861649654,,2.4967717602416825e-07,2.797092883319591e-09
104,,40.59452861649654,,2.4967717602416825e-07,2.1237417252445862e-09
105,,40.59452861649654,,2.4967717602416825e-07,2.1237417252445862e-09
106,,40.59452861649654,,2.4967717602416825e-07,2.2097499769545973e-09
107,,40.59452861649654,,2.4967717602416825e-07,2.2097499769545973e-09
108,,40.59452861649654,,2.4967717602416825e-07,2.576138525552651e-09
109,,40.59452861649654,,2.4967717602416825e-07,2.576138525552651e-09
110,,40.59452861649654,,2.4967717602416825e-07,1.8701235363731375e-09
111,,40.59452861649654,,2.4967717602416825e-07,1.8701235363731375e-09
112,,40.59452861649654,,2.4967717602416825e-07,1.8633809278852574e-09
113,,40.59452861649654,,2.4967717602416825e-07,1.8633809278852574e-09
114,,40.59452861649654,,2.4967717602416825e-07,2.0358909554320235e-09
115,,40.59452861649654,,2.4967717602416825e-07,2.0358909554320235e-09
116,,40.59452861649654,,2.4967717602416825e-07,2.751058030120072e-09
117,,40.59452861649654,,2.4967717602416825e-07,2.751058030120072e-09
118,,40.59452861649654,,2.4967717602416825e-07,1.7955614832297417e-09
119,,40.59452861649654,,2.4967717602416825e-07,1.7955614832297417e-09
120,,40.59452861649654,,2.4967717602416825e-07,2.7291821971517646e-09
121,,40.59452861649654,,2.4967717602416825e-07,2.7291821971517646e-09
122,,40.59452861649654,,2.4967717602416825e-07,3.561670458289877e-09
123,,40.59452861649654,,2.4967717602416825e-07,3.561670458289877e-09
124,,40.59452861649654,,2.4967717602416825e-07,1.8262729869319317e-09
125,,40.59452861649654,,2.4967717602416825e-07,1.8262729869319317e-09
126,,40.59452861649654,,2.4967717602416825e-07,2.0877827097803532e-09
127,,40.59452861649654,,2.4967717602416825e-07,2.0877827097803532e-09
128,,40.59452861649654,,2.4967717602416825e-07,2.628123656067964e-09
129,,40.59452861649654,,2.4967717602416825e-07,2.628123656067964e-09
130,,40.59452861649654,,2.4967717602416825e-07,3.1092582939533655e-09
131,,40.59452861649654,,2.4967717602416825e-07,3.1092582939533655e-09
132,,40.59452861649654,,2.4967717602416825e-07,2.3184452279744237e-09
133,,40.59452861649654,,2.4967717602416825e-07,2.3184452279744237e-09
134,,40.59452861649654,,2.4967717602416825e-07,2.5682004144530336e-09
135,,40.59452861649654,,2.4967717602416825e-07,2.5682004144530336e-09
136,,40.59452861649654,,2.4967717602416825e-07,2.2649077674517245e-09
137,,40.59452861649654,,2.4967717602416825e-07,2.2649077674517245e-09
138,,40.59452861649654,,2.4967717602416825e-07,3.084456898248816e-09
139,,40.59452861649654,,2.4967717602416825e-07,3.084456898248816e-09
140,,40.59452861649654,,2.4967717602416825e-07,2.429708458809581e-09
141,,40.59452861649654,,2.4967717602416825e-07,2.429708458809581e-09
142,,40.59452861649654,,2.4967717602416825e-07,2.2496094611353097e-09
143,,40.59452861649654,,2.4967717602416825e-07,2.2496094611353097e-09
144,,40.59452861649654,,2.4967717602416825e-07,1.8104956833071193e-09
145,,40.59452861649654,,2.4967717602416825e-07,1.8104956833071193e-09
146,,40.59452861649654,,2.4967717602416825e-07,2.2039146165667405e-09
147,,40.59452861649654,,2.4967717602416825e-07,2.2039146165667405e-09
148,,40.59452861649654,,2.4967717602416825e-07,1.5696102371340545e-09
149,,40.59452861649654,,2.4967717602416825e-07,1.5696102371340545e-09
150,,40.59452861649654,,2.4967717602416825e-07,2.6173841998505144e-09
151,,40.59452861649654,,2.4967717602416825e-07,2.6173841998505144e-09
152,,40.59452861649654,,2.4967717602416825e-07,2.651759186996927e-09
153,,40.59452861649654,,2.4967717602416825e-07,2.651759186996927e-09
154,,40.59452861649654,,2.4967717602416825e-07,1.8630243209911827e-09
155,,40.59452861649654,,2.4967717602416825e-07,1.8630243209911827e-09
156,,40.59452861649654,,2.4967717602416825e-07,1.7895238304653006e-09
157,,40.59452861649654,,2.4967717602416825e-07,1.7895238304653006e-09
158,,40.59452861649654,,2.4967717602416825e-07,1.7567173451314743e-09
159,,40.59452861649654,,2.4967717602416825e-07,1.7567173451314743e-09
160,,40.59452861649654,,2.4967717602416825e-07,2.0087020181429384e-09
161,,40.59452861649654,,2.4967717602416825e-07,2.0087020181429384e-09
162,,40.59452861649654,,2.4967717602416825e-07,1.8921469435785537e-09
163,,40.59452861649654,,2.4967717602416825e-07,1.8921469435785537e-09
164,,40.59452861649654,,2.4967717602416825e-07,1.863337019748827e-09
165,,40.59452861649654,,2.4967717602416825e-07,1.863337019748827e-09
166,,40.59452861649654,,2.4967717602416825e-07,1.8092486129523862e-09
167,,40.59452861649654,,2.4967717602416825e-07,1.8092486129523862e-09
168,,40.59452861649654,,2.4967717602416825e-07,2.8562378895213817e-09
169,,40.59452861649654,,2.4967717602416825e-07,2.8562378895213817e-09
170,,40.59452861649654,,2.4967717602416825e-07,1.7409189162178324e-09
171,,40.59452861649654,,2.4967717602416825e-07,1.7409189162178324e-09
172,,40.59452861649654,,2.4967717602416825e-07,1.5068624545971541e-09
173,,40.59452861649654,,2.4967717602416825e-07,1.5068624545971541e-09
174,,40.59452861649654,,2.4967717602416825e-07,2.0605420388807456e-09
175,,40.59452861649654,,2.4967717602416825e-07,2.0605420388807456e-09
176,,40.59452861649654,,2.4967717602416825e-07,2.3548519391107196e-09
177,,40.59452861649654,,2.4967717602416825e-07,2.3548519391107196e-09
178,,40.59452861649654,,2.4967717602416825e-07,1.4560743180857365e-09
179,,40.59452861649654,,2.4967717602416825e-07,1.4560743180857365e-09
180,,40.59452861649654,,2.4967717602416825e-07,1.908416555697223e-09
181,,40.59452861649654,,2.4967717602416825e-07,1.908416555697223e-09
182,,40.59452861649654,,2.4967717602416825e-07,1.5880005564142917e-09
183,,40.59452861649654,,2.4967717602416825e-07,1.5880005564142917e-09
184,,40.59452861649654,,2.4967717602416825e-07,1.2722404419544434e-09
185,,40.59452861649654,,2.4967717602416825e-07,1.2722404419544434e-09
186,,40.59452861649654,,2.4967717602416825e-07,2.3176268634320043e-09
187,,40.59452861649654,,2.4967717602416825e-07,2.3176268634320043e-09
188,,40.59452861649654,,2.4967717602416825e-07,2.1706973152710684e-09
189,,40.59452861649654,,2.4967717602416825e-07,2.1706973152710684e-09
190,,40.59452861649654,,2.4967717602416825e-07,2.9951662736954354e-09
191,,40.59452861649654,,2.4967717602416825e-07,2.9951662736954354e-09
192,,40.59452861649654,,2.4967717602416825e-07,2.235078843330279e-09
193,,40.59452861649654,,2.4967717602416825e-07,2.235078843330279e-09
194,,40.59452861649654,,2.4967717602416825e-07,2.940372903884432e-09
195,,40.59452861649654,,2.4967717602416825e-07,2.940372903884432e-09
196,,40.59452861649654,,2.4967717602416825e-07,1.5358837424762183e-09
197,,40.59452861649654,,2.4967717602416825e-07,1.5358837424762183e-09
198,,40.59452861649654,,2.4967717602416825e-07,2.720867023601668e-09
199,,40.59452861649654,,2.4967717602416825e-07,2.720867023601668e-09
200,,40.59452861649654,,2.4967717602416825e-07,1.4871157654239797e-09
201,,40.59452861649654,,2.4967717602416825e-07,1.4871157654239797e-09
202,,40.59452861649654,,2.4967717602416825e-07,2.0082930172469205e-09
203,,40.59452861649654,,2.4967717602416825e-07,2.0082930172469205e-09
204,,40.59452861649654,,2.4967717602416825e-07,1.6988543438424267e-09
205,,40.59452861649654,,2.4967717602416825e-07,1.6988543438424267e-09
206,,40.59452861649654,,2.4967717602416825e-07,1.6351444317723659e-09
207,,40.59452861649654,,2.4967717602416825e-07,1.6351444317723659e-09
208,,40.59452861649654,,2.4967717602416825e-07,2.620128958622769e-09
209,,40.59452861649654,,2.4967717602416825e-07,2.620128958622769e-09
210,,40.59452861649654,,2.4967717602416825e-07,1.4773693813011975e-09
211,,40.59452861649654,,2.4967717602416825e-07,1.4773693813011975e-09
212,,40.59452861649654,,2.4967717602416825e-07,2.2900157092395138e-09
213,,40.59452861649654,,2.4967717602416825e-07,2.2900157092395138e-09
214,,40.59452861649654,,2.4967717602416825e-07,2.630132356269766e-09
215,,40.59452861649654,,2.4967717602416825e-07,2.630132356269766e-09
216,,40.59452861649654,,2.4967717602416825e-07,2.5246941704827075e-09
217,,40.59452861649654,,2.4967717602416825e-07,2.5246941704827075e-09
218,,40.59452861649654,,2.4967717602416825e-07,1.4456249205558486e-09
219,,40.59452861649654,,2.4967717602416825e-07,1.4456249205558486e-09
220,,40.59452861649654,,2.4967717602416825e-07,1.765816106039441e-09
221,,40.59452861649654,,2.4967717602416825e-07,1.765816106039441e-09
222,,40.59452861649654,,2.4967717602416825e-07,2.495029008293391e-09
223,,40.59452861649654,,2.4967717602416825e-07,2.495029008293391e-09
224,,40.59452861649654,,2.4967717602416825e-07,2.5536344912851747e-09
225,,40.59452861649654,,2.4967717602416825e-07,2.5536344912851747e-09
226,,40.59452861649654,,2.4967717602416825e-07,1.4908463520425963e-09
227,,40.59452861649654,,2.4967717602416825e-07,1.4908463520425963e-09
228,,40.59452861649654,,2.4967717602416825e-07,1.472797496047013e-09
229,,40.59452861649654,,2.4967717602416825e-07,1.472797496047013e-09
230,,40.59452861649654,,2.4967717602416825e-07,2.0341713405158704e-09
231,,40.59452861649654,,2.4967717602416825e-07,2.0341713405158704e-09
232,,40.59452861649654,,2.4967717602416825e-07,3.0027298278964225e-09
233,,40.59452861649654,,2.4967717602416825e-07,3.0027298278964225e-09
234,,40.59452861649654,,2.4967717602416825e-07,1.894129579365878e-09
235,,40.59452861649654,,2.4967717602416825e-07,1.894129579365878e-09
236,,40.59452861649654,,2.4967717602416825e-07,2.121156781352866e-09
237,,40.59452861649654,,2.4967717602416825e-07,2.121156781352866e-09
238,,40.59452861649654,,2.4967717602416825e-07,2.055112430006187e-09
239,,40.59452861649654,,2.4967717602416825e-07,2.055112430006187e-09
240,,40.59452861649654,,2.4967717602416825e-07,2.6488160803677722e-09
241,,40.59452861649654,,2.4967717602416825e-07,2.6488160803677722e-09
242,,40.59452861649654,,2.4967717602416825e-07,2.127839782793274e-09
243,,40.59452861649654,,2.4967717602416825e-07,2.127839782793274e-09
244,,40.59452861649654,,2.4967717602416825e-07,2.693452240865819e-09
245,,40.59452861649654,,2.4967717602416825e-07,2.693452240865819e-09
246,,40.59452861649654,,2.4967717602416825e-07,2.948595714341162e-09
247,,40.59452861649654,,2.4967717602416825e-07,2.948595714341162e-09
248,,40.59452861649654,,2.4967717602416825e-07,2.619827031082741e-09
249,,40.59452861649654,,2.4967717602416825e-07,2.619827031082741e-09
250,,40.59452861649654,,2.4967717602416825e-07,2.051956719529953e-09
251,,40.59452861649654,,2.4967717602416825e-07,2.051956719529953e-09
252,,40.59452861649654,,2.4967717602416825e-07,2.6922460291830268e-09
253,,40.59452861649654,,2.4967717602416825e-07,2.6922460291830268e-09
254,,40.59452861649654,,2.4967717602416825e-07,2.2048128129310833e-09
255,,40.59452861649654,,2.4967717602416825e-07,2.2048128129310833e-09
256,,40.59452861649654,,2.4967717602416825e-07,2.157362724444542e-09
257,,40.59452861649654,,2.4967717602416825e-07,2.157362724444542e-09
258,,40.59452861649654,,2.4967717602416825e-07,2.079137503279785e-09
259,,40.59452861649654,,2.4967717602416825e-07,2.079137503279785e-09
260,,40.59452861649654,,2.4967717602416825e-07,1.9989068623507155e-09
261,,40.59452861649654,,2.4967717602416825e-07,1.9989068623507155e-09
262,,40.59452861649654,,2.4967717602416825e-07,3.1025269279797034e-09
263,,40.59452861649654,,2.4967717602416825e-07,3.1025269279797034e-09
264,,40.59452861649654,,2.4967717602416825e-07,2.9005433906552164e-09
265,,40.59452861649654,,2.4967717602416825e-07,2.9005433906552164e-09
266,,40.59452861649654,,2.4967717602416825e-07,2.9717168491548356e-09
267,,40.59452861649654,,2.4967717602416825e-07,2.9717168491548356e-09
268,,40.59452861649654,,2.4967717602416825e-07,1.3420373004682694e-09
269,,40.59452861649654,,2.4967717602416825e-07,1.3420373004682694e-09
270,,40.59452861649654,,2.4967717602416825e-07,1.884858259315592e-09
271,,40.59452861649654,,2.4967717602416825e-07,1.884858259315592e-09
272,,40.59452861649654,,2.4967717602416825e-07,2.5121073790737284e-09
273,,40.59452861649654,,2.4967717602416825e-07,2.5121073790737284e-09
274,,40.59452861649654,,2.4967717602416825e-07,2.0247857724079095e-09
275,,40.59452861649654,,2.4967717602416825e-07,2.0247857724079095e-09
276,,40.59452861649654,,2.4967717602416825e-07,2.1709972126436356e-09
277,,40.59452861649654,,2.4967717602416825e-07,2.1709972126436356e-09
278,,40.59452861649654,,2.4967717602416825e-07,2.3921716840603973e-09
279,,40.59452861649654,,2.4967717602416825e-07,2.3921716840603973e-09
280,,40.59452861649654,,2.4967717602416825e-07,2.6954282428955665e-09
281,,40.59452861649654,,2.4967717602416825e-07,2.6954282428955665e-09
282,,40.59452861649654,,2.4967717602416825e-07,1.953485239630504e-09
283,,40.59452861649654,,2.4967717602416825e-07,1.953485239630504e-09
284,,40.59452861649654,,2.4967717602416825e-07,1.4914292231516027e-09
285,,40.59452861649654,,2.4967717602416825e-07,1.4914292231516027e-09
286,,40.59452861649654,,2.4967717602416825e-07,1.8519413225089145e-09
287,,40.59452861649654,,2.4967717602416825e-07,1.8519413225089145e-09
288,,40.59452861649654,,2.4967717602416825e-07,1.7568795773149852e-09
289,,40.59452861649654,,2.4967717602416825e-07,1.7568795773149852e-09
290,,40.59452861649654,,2.4967717602416825e-07,2.1572485489504738e-09
291,,40.59452861649654,,2.4967717602416825e-07,2.1572485489504738e-09
292,,40.59452861649654,,2.4967717602416825e-07,1.80079271381359e-09
293,,40.59452861649654,,2.4967717602416825e-07,1.80079271381359e-09
294,,40.59452861649654,,2.4967717602416825e-07,1.722050871540357e-09
295,,40.59452861649654,,2.4967717602416825e-07,1.722050871540357e-09
296,,40.59452861649654,,2.4967717602416825e-07,2.5341974034849336e-09
297,,40.59452861649654,,2.4967717602416825e-07,2.5341974034849336e-09
298,,40.59452861649654,,2.4967717602416825e-07,1.3679122001801653e-09
299,,40.59452861649654,,2.4967717602416825e-07,1.3679122001801653e-09
300,,40.59452861649654,,2.4967717602416825e-07,2.7164112410081283e-09
301,,40.59452861649654,,2.4967717602416825e-07,2.7164112410081283e-09
302,,40.59452861649654,,2.4967717602416825e-07,2.069513512105664e-09
303,,40.59452861649654,,2.4967717602416825e-07,2.069513512105664e-09
304,,40.59452861649654,,2.4967717602416825e-07,2.6590549196550283e-09
305,,40.59452861649654,,2.4967717602416825e-07,2.6590549196550283e-09
306,,40.59452861649654,,2.4967717602416825e-07,2.384338271246586e-09
307,,40.59452861649654,,2.4967717602416825e-07,2.384338271246586e-09
308,,40.59452861649654,,2.4967717602416825e-07,2.4323798349574486e-09
309,,40.59452861649654,,2.4967717602416825e-07,2.4323798349574486e-09
310,,40.59452861649654,,2.4967717602416825e-07,2.016295767557279e-09
311,,40.59452861649654,,2.4967717602416825e-07,2.016295767557279e-09
312,,40.59452861649654,,2.4967717602416825e-07,3.6521864583671553e-09
313,,40.59452861649654,,2.4967717602416825e-07,3.6521864583671553e-09
314,,40.59452861649654,,2.4967717602416825e-07,1.9301038102364525e-09
315,,40.59452861649654,,2.4967717602416825e-07,1.9301038102364525e-09
316,,40.59452861649654,,2.4967717602416825e-07,1.5985037878395634e-09
317,,40.59452861649654,,2.4967717602416825e-07,1.5985037878395634e-09
318,,40.59452861649654,,2.4967717602416825e-07,2.7473606475278315e-09
319,,40.59452861649654,,2.4967717602416825e-07,2.7473606475278315e-09
320,,40.59452861649654,,2.4967717602416825e-07,2.554780441915599e-09
321,,40.59452861649654,,2.4967717602416825e-07,2.554780441915599e-09
322,,40.59452861649654,,2.4967717602416825e-07,2.1578669147506312e-09
323,,40.59452861649654,,2.4967717602416825e-07,2.1578669147506312e-09
324,,40.59452861649654,,2.4967717602416825e-07,2.5847344150633756e-09
325,,40.59452861649654,,2.4967717602416825e-07,2.5847344150633756e-09
326,,40.59452861649654,,2.4967717602416825e-07,2.019797404671542e-09
327,,40.59452861649654,,2.4967717602416825e-07,2.019797404671542e-09
328,,40.59452861649654,,2.4967717602416825e-07,1.5252092940440842e-09
329,,40.59452861649654,,2.4967717602416825e-07,1.5252092940440842e-09
330,,40.59452861649654,,2.4967717602416825e-07,2.0720820924239227e-09
331,,40.59452861649654,,2.4967717602416825e-07,2.0720820924239227e-09
332,,40.59452861649654,,2.4967717602416825e-07,1.7510497722953851e-09
333,,40.59452861649654,,2.4967717602416825e-07,1.7510497722953851e-09
334,,40.59452861649654,,2.4967717602416825e-07,1.5107204753468783e-09
335,,40.59452861649654,,2.4967717602416825e-07,1.5107204753468783e-09
336,,40.59452861649654,,2.4967717602416825e-07,2.143547951265147e-09
337,,40.59452861649654,,2.4967717602416825e-07,2.143547951265147e-09
338,,40.59452861649654,,2.4967717602416825e-07,2.180335943702783e-09
339,,40.59452861649654,,2.4967717602416825e-07,2.180335943702783e-09
340,,40.59452861649654,,2.4967717602416825e-07,1.5333352268593373e-09
341,,40.59452861649654,,2.4967717602416825e-07,1.5333352268593373e-09
342,,40.59452861649654,,2.4967717602416825e-07,2.417063555167811e-09
343,,40.59452861649654,,2.4967717602416825e-07,2.417063555167811e-09
344,,40.59452861649654,,2.4967717602416825e-07,3.1225205901344934e-09
345,,40.59452861649654,,2.4967717602416825e-07,3.1225205901344934e-09
346,,40.59452861649654,,2.4967717602416825e-07,2.3435636221828412e-09
347,,40.59452861649654,,2.4967717602416825e-07,2.3435636221828412e-09
348,,40.59452861649654,,2.4967717602416825e-07,2.505737336839816e-09
349,,40.59452861649654,,2.4967717602416825e-07,2.505737336839816e-09
350,,40.59452861649654,,2.4967717602416825e-07,3.2608124118366e-09
351,,40.59452861649654,,2.4967717602416825e-07,3.2608124118366e-09
352,,40.59452861649654,,2.4967717602416825e-07,2.4485580764638622e-09
353,,40.59452861649654,,2.4967717602416825e-07,2.4485580764638622e-09
354,,40.59452861649654,,2.4967717602416825e-07,1.878872505782574e-09
355,,40.59452861649654,,2.4967717602416825e-07,1.878872505782574e-09
356,,40.59452861649654,,2.4967717602416825e-07,1.4987386581628645e-09
357,,40.59452861649654,,2.4967717602416825e-07,1.4987386581628645e-09
358,,40.59452861649654,,2.4967717602416825e-07,3.070466519013163e-09
359,,40.59452861649654,,2.4967717602416825e-07,3.070466519013163e-09
360,,40.59452861649654,,2.4967717602416825e-07,2.9617718267128697e-09
361,,40.59452861649654,,2.4967717602416825e-07,2.9617718267128697e-09
362,,40.59452861649654,,2.4967717602416825e-07,1.7875151745745053e-09
363,,40.59452861649654,,2.4967717602416825e-07,1.7875151745745053e-09
364,,40.59452861649654,,2.4967717602416825e-07,2.0011596153291478e-09
365,,40.59452861649654,,2.4967717602416825e-07,2.0011596153291478e-09
366,,40.59452861649654,,2.4967717602416825e-07,2.427647523119406e-09
367,,40.59452861649654,,2.4967717602416825e-07,2.427647523119406e-09
368,,40.59452861649654,,2.4967717602416825e-07,1.75694511137542e-09
369,,40.59452861649654,,2.4967717602416825e-07,1.75694511137542e-09
370,,40.59452861649654,,2.4967717602416825e-07,2.388048623452298e-09
371,,40.59452861649654,,2.4967717602416825e-07,2.388048623452298e-09
372,,40.59452861649654,,2.4967717602416825e-07,2.2592812437581216e-09
373,,40.59452861649654,,2.4967717602416825e-07,2.2592812437581216e-09
374,,40.59452861649654,,2.4967717602416825e-07,1.895559793047704e-09
375,,40.59452861649654,,2.4967717602416825e-07,1.895559793047704e-09
376,,40.59452861649654,,2.4967717602416825e-07,2.3711281643839054e-09
377,,40.59452861649654,,2.4967717602416825e-07,2.3711281643839054e-09
378,,40.59452861649654,,2.4967717602416825e-07,2.842495042738444e-09
379,,40.59452861649654,,2.4967717602416825e-07,2.842495042738444e-09
380,,40.59452861649654,,2.4967717602416825e-07,1.8662201791020526e-09
381,,40.59452861649654,,2.4967717602416825e-07,1.8662201791020526e-09
382,,40.59452861649654,,2.4967717602416825e-07,1.987053794822214e-09
383,,40.59452861649654,,2.4967717602416825e-07,1.987053794822214e-09
384,,40.59452861649654,,2.4967717602416825e-07,2.315587466624302e-09
385,,40.59452861649654,,2.4967717602416825e-07,2.315587466624302e-09
386,,40.59452861649654,,2.4967717602416825e-07,1.866647783968803e-09
387,,40.59452861649654,,2.4967717602416825e-07,1.866647783968803e-09
388,,40.59452861649654,,2.4967717602416825e-07,2.0819360309531758e-09
389,,40.59452861649654,,2.4967717602416825e-07,2.0819360309531758e-09
390,,40.59452861649654,,2.4967717602416825e-07,2.3814501898621054e-09
391,,40.59452861649654,,2.4967717602416825e-07,2.3814501898621054e-09
392,,40.59452861649654,,2.4967717602416825e-07,2.67898936500041e-09
393,,40.59452861649654,,2.4967717602416825e-07,2.67898936500041e-09
394,,40.59452861649654,,2.4967717602416825e-07,1.9865646109350837e-09
395,,40.59452861649654,,2.4967717602416825e-07,1.9865646109350837e-09
396,,40.59452861649654,,2.4967717602416825e-07,3.1282259176519557e-09
397,,40.59452861649654,,2.4967717602416825e-07,3.1282259176519557e-09
398,,40.59452861649654,,2.4967717602416825e-07,3.027881874562326e-09
399,,40.59452861649654,,2.4967717602416825e-07,3.027881874562326e-09
400,,40.59452861649654,,2.4967717602416825e-07,2.0283262696154635e-09
401,,40.59452861649654,,2.4967717602416825e-07,2.0283262696154635e-09
402,,40.59452861649654,,2.4967717602416825e-07,2.2654755388830517e-09
403,,40.59452861649654,,2.4967717602416825e-07,2.2654755388830517e-09
404,,40.59452861649654,,2.4967717602416825e-07,3.3161461800175787e-09
405,,40.59452861649654,,2.4967717602416825e-07,3.3161461800175787e-09
406,,40.59452861649654,,2.4967717602416825e-07,1.4990240739316453e-09
407,,40.59452861649654,,2.4967717602416825e-07,1.4990240739316453e-09
408,,40.59452861649654,,2.4967717602416825e-07,1.969920802323801e-09
409,,40.59452861649654,,2.4967717602416825e-07,1.969920802323801e-09
410,,40.59452861649654,,2.4967717602416825e-07,2.4624128045421365e-09
411,,40.59452861649654,,2.4967717602416825e-07,2.4624128045421365e-09
412,,40.59452861649654,,2.4967717602416825e-07,3.14322568278255e-09
413,,40.59452861649654,,2.4967717602416825e-07,3.14322568278255e-09
414,,40.59452861649654,,2.4967717602416825e-07,2.2441190910226403e-09
415,,40.59452861649654,,2.4967717602416825e-07,2.2441190910226403e-09
416,,40.59452861649654,,2.4967717602416825e-07,1.2634261444299286e-09
417,,40.59452861649654,,2.4967717602416825e-07,1.2634261444299286e-09
418,,40.59452861649654,,2.4967717602416825e-07,1.316445242983616e-09
419,,40.59452861649654,,2.4967717602416825e-07,1.316445242983616e-09
420,,40.59452861649654,,2.4967717602416825e-07,2.3167049808615677e-09
421,,40.59452861649654,,2.4967717602416825e-07,2.3167049808615677e-09
422,,40.59452861649654,,2.4967717602416825e-07,2.401879526167326e-09
423,,40.59452861649654,,2.4967717602416825e-07,2.401879526167326e-09
424,,40.59452861649654,,2.4967717602416825e-07,2.4329344333402156e-09
425,,40.59452861649654,,2.4967717602416825e-07,2.4329344333402156e-09
426,,40.59452861649654,,2.4967717602416825e-07,2.2822609569223906e-09
427,,40.59452861649654,,2.4967717602416825e-07,2.2822609569223906e-09
428,,40.59452861649654,,2.4967717602416825e-07,1.9799785917656217e-09
429,,40.59452861649654,,2.4967717602416825e-07,1.9799785917656217e-09
430,,40.59452861649654,,2.4967717602416825e-07,1.698261540141462e-09
431,,40.59452861649654,,2.4967717602416825e-07,1.698261540141462e-09
432,,40.59452861649654,,2.4967717602416825e-07,2.5492367420085903e-09
433,,40.59452861649654,,2.4967717602416825e-07,2.5492367420085903e-09
434,,40.59452861649654,,2.4967717602416825e-07,3.421192842896752e-09
435,,40.59452861649654,,2.4967717602416825e-07,3.421192842896752e-09
436,,40.59452861649654,,2.4967717602416825e-07,2.3114579215629173e-09
437,,40.59452861649654,,2.4967717602416825e-07,2.3114579215629173e-09
438,,40.59452861649654,,2.4967717602416825e-07,2.8729248810194764e-09
439,,40.59452861649654,,2.4967717602416825e-07,2.8729248810194764e-09
440,,40.59452861649654,,2.4967717602416825e-07,1.9254208858392217e-09
441,,40.59452861649654,,2.4967717602416825e-07,1.9254208858392217e-09
442,,40.59452861649654,,2.4967717602416825e-07,1.7364874743981977e-09
443,,40.59452861649654,,2.4967717602416825e-07,1.7364874743981977e-09
444,,40.59452861649654,,2.4967717602416825e-07,2.4090842695460833e-09
445,,40.59452861649654,,2.4967717602416825e-07,2.4090842695460833e-09
446,,40.59452861649654,,2.4967717602416825e-07,3.193914629523402e-09
447,,40.59452861649654,,2.4967717602416825e-07,3.193914629523402e-09
448,,40.59452861649654,,2.4967717602416825e-07,1.709518584210504e-09
449,,40.59452861649654,,2.4967717602416825e-07,1.709518584210504e-09
450,,40.59452861649654,,2.4967717602416825e-07,1.7788701748442185e-09
451,,40.59452861649654,,2.4967717602416825e-07,1.7788701748442185e-09
452,,40.59452861649654,,2.4967717602416825e-07,2.390942633528915e-09
453,,40.59452861649654,,2.4967717602416825e-07,2.390942633528915e-09
454,,40.59452861649654,,2.4967717602416825e-07,2.412772613878573e-09
455,,40.59452861649654,,2.4967717602416825e-07,2.412772613878573e-09
456,,40.59452861649654,,2.4967717602416825e-07,2.980679385186782e-09
457,,40.59452861649654,,2.4967717602416825e-07,2.980679385186782e-09
458,,40.59452861649654,,2.4967717602416825e-07,2.3724904371666436e-09
459,,40.59452861649654,,2.4967717602416825e-07,2.3724904371666436e-09
460,,40.59452861649654,,2.4967717602416825e-07,2.7433091713811496e-09
461,,40.59452861649654,,2.4967717602416825e-07,2.7433091713811496e-09
462,,40.59452861649654,,2.4967717602416825e-07,1.5374254787863691e-09
463,,40.59452861649654,,2.4967717602416825e-07,1.5374254787863691e-09
464,,40.59452861649654,,2.4967717602416825e-07,3.121337442603694e-09
465,,40.59452861649654,,2.4967717602416825e-07,3.121337442603694e-09
466,,40.59452861649654,,2.4967717602416825e-07,1.629739824991433e-09
467,,40.59452861649654,,2.4967717602416825e-07,1.629739824991433e-09
468,,40.59452861649654,,2.4967717602416825e-07,2.691957581937414e-09
469,,40.59452861649654,,2.4967717602416825e-07,2.691957581937414e-09
470,,40.59452861649654,,2.4967717602416825e-07,2.6115556863674062e-09
471,,40.59452861649654,,2.4967717602416825e-07,2.6115556863674062e-09
472,,40.59452861649654,,2.4967717602416825e-07,2.7005737166463223e-09
473,,40.59452861649654,,2.4967717602416825e-07,2.7005737166463223e-09
474,,40.59452861649654,,2.4967717602416825e-07,2.332332828648316e-09
475,,40.59452861649654,,2.4967717602416825e-07,2.332332828648316e-09
476,,40.59452861649654,,2.4967717602416825e-07,2.0137380793097337e-09
477,,40.59452861649654,,2.4967717602416825e-07,2.0137380793097337e-09
478,,40.59452861649654,,2.4967717602416825e-07,2.1425612501673565e-09
479,,40.59452861649654,,2.4967717602416825e-07,2.1425612501673565e-09
480,,40.59452861649654,,2.4967717602416825e-07,3.1505991509128893e-09
481,,40.59452861649654,,2.4967717602416825e-07,3.1505991509128893e-09
482,,40.59452861649654,,2.4967717602416825e-07,1.9691886763688386e-09
483,,40.59452861649654,,2.4967717602416825e-07,1.9691886763688386e-09
484,,40.59452861649654,,2.4967717602416825e-07,2.4618226486532305e-09
485,,40.59452861649654,,2.4967717602416825e-07,2.4618226486532305e-09
486,,40.59452861649654,,2.4967717602416825e-07,1.7679829624332652e-09
487,,40.59452861649654,,2.4967717602416825e-07,1.7679829624332652e-09
488,,40.59452861649654,,2.4967717602416825e-07,2.823421648364667e-09
489,,40.59452861649654,,2.4967717602416825e-07,2.823421648364667e-09
490,,40.59452861649654,,2.4967717602416825e-07,3.529822833017112e-09
491,,40.59452861649654,,2.4967717602416825e-07,3.529822833017112e-09
492,,40.59452861649654,,2.4967717602416825e-07,2.8163666816776484e-09
493,,40.59452861649654,,2.4967717602416825e-07,2.8163666816776484e-09
494,,40.59452861649654,,2.4967717602416825e-07,1.6793949426583385e-09
495,,40.59452861649654,,2.4967717602416825e-07,1.6793949426583385e-09
496,,40.59452861649654,,2.4967717602416825e-07,2.4165956414768046e-09
497,,40.59452861649654,,2.4967717602416825e-07,2.4165956414768046e-09
498,,40.59452861649654,,2.4967717602416825e-07,2.7912257361694074e-09
499,,40.59452861649654,,2.4967717602416825e-07,2.7912257361694074e-09
500,,40.59452861649654,,2.4967717602416825e-07,3.0472094251119813e-09
