Iteration,Global SPAI CG,Global SPAI MR,Global SPAI LOMR,Inner-outer MINRES,Inner-outer MR,Inner-outer LOMR
0,1.0,1.0,1.0,1.0,1.0,1.0
1,0.06540033655357451,0.29431450848121726,0.0620533017533498,0.9999151363215971,0.9979474207504281,0.9967187819332096
2,0.050454013293172596,0.13962921340562176,0.04676789816738097,0.999483787355425,0.9978147537885066,0.9966249458135239
3,0.030389613504824144,0.08218227750994075,0.030234289454739816,0.9982523374698778,0.9978250198866149,0.996628593712045
4,0.03024994508881142,0.05384134958071607,0.03068958763989811,0.9962812043702381,0.9978234615821469,0.996628378188374
5,0.022912745111843092,0.037888140995435686,0.022182752882400788,0.994431193271321,0.9978238286360552,0.9966283949018354
6,0.0216314008340858,0.027929708751000717,0.020718123919602722,0.9930385937727977,0.9978237065238424,0.9966283932831582
7,0.021681469772930558,0.021508299162591112,0.020607074117090823,0.9918912867787756,0.9978237610281308,0.9966283934722807
8,0.01894472658931958,0.017197064824219614,0.01839551340928896,0.9909033250249047,0.9978237293493754,0.996628393446263
9,0.01810503344726951,0.014141379496903689,0.01595743605643883,0.9902360303692964,0.9978237529128654,0.9966283934504023
10,0.017531852900159926,0.011715961754766779,0.01559088784962814,0.9897157381297902,0.9978237306757685,0.9966283934496514
11,0.015088503318078149,0.009890379818632342,0.015579381405409615,0.9891799399722454,0.99782375725711,0.9966283934498048
12,0.014847910254456363,0.008430927089194592,0.015419955017965134,0.9886216628532735,0.9978237168045746,0.9966283934497697
13,0.014834463516394551,0.007286853807875976,0.01545701957762333,0.988059909266394,0.9978237961904962,0.9966283934497787
14,0.010992941689921421,0.006369449952258158,0.01518867453898087,0.9874698101122489,0.9978235906276041,0.9966283934497763
15,0.009535006459779399,0.0055372766119400375,0.013701662403311011,0.9868486305489964,0.9978243211776788,0.9966283934497768
16,0.009710082456663376,0.004948933296704819,0.013429509646857091,0.9862931783756709,0.9978205072155354,0.9966283934497766
17,0.009213540724452438,0.004398277688083884,0.012876983169691688,0.9857833685866485,0.9978544243551757,0.9966283934497767
18,0.008507464613506866,0.003994499595670135,0.012440364358086084,0.9852825712102141,0.997411883153226,0.9966283934497766
19,0.008517030155712865,0.003622604563808614,0.012265192469298997,0.9848689963464052,0.9980093032952035,0.9966283934497767
20,0.008395180148603479,0.0033289925624772143,0.010983813471848057,0.9844211826089224,0.998109430881277,0.9966283934497767
21,0.008389705891200071,0.0030123568466680593,0.010668638089336154,0.9840379566432744,0.9981161819072538,0.9966283934497767
22,0.008389015865550716,0.0027663698219437226,0.010206934997614584,0.9837238397750951,0.9981166422437925,0.9966283934497766
23,0.008354649790084845,0.002554729775055448,0.009916866413433452,0.9834439440573396,0.9981166735459184,0.9966283934497767
24,0.008369982615765374,0.0023403732352753745,0.009436537097806137,0.9832062322686669,0.9981166756648966,0.9966283934497766
25,0.008339018260837978,0.00217869673061606,0.009246134581895661,0.9830197504350847,0.9981166758076766,0.9966283934497766
26,0.008268348025323388,0.002032195929901366,0.008308927411665095,0.9828477755299394,0.9981166758172527,0.9966283934497766
27,0.008169360216012578,0.0018845382304831964,0.006823292539644546,0.9827192544640159,0.9981166758178921,0.9966283934497766
28,0.00789108577967958,0.0017587216649868577,0.006286879417119768,0.9826369850049456,0.9981166758179346,0.9966283934497766
29,0.007701530146743487,0.0016668212398502247,0.0056394343171120905,0.9825923513051908,0.9981166758179373,0.9966283934497766
30,0.007110712536666079,0.001577013498119818,0.005280936902093989,0.9825800661918496,0.9981166758179376,0.9966283934497766
31,0.0069712901724616775,0.001472137419131226,0.005022104179319463,0.9825827559564178,0.9981166758179376,0.9966283934497766
32,0.006604920271952604,0.00138755556898698,0.004913125142321765,0.9825783858929023,0.9981166758179376,0.9966283934497766
33,0.006164270222200704,0.0013059187131244361,0.004225736229118803,0.9825766674791033,0.9981166758179376,0.9966283934497766
34,0.00582202572825026,0.001225732502736714,0.0034093212889902123,0.9825780941348864,0.9981166758179376,0.9966283934497766
35,0.005804917523708907,0.001156402261193163,0.0028882226929798902,0.9825749861282814,0.9981166758179376,0.9966283934497766
36,0.005788549196703831,0.0011039201039369038,0.002881903688846516,0.9825674161280281,0.9981166758179376,0.9966283934497766
37,0.005388613653635621,0.0010382936244056932,0.0025436518055299124,0.9825643724250764,0.9981166758179376,0.9966283934497766
38,0.0038588623722996098,0.0009948070642165228,0.0025326623382198213,0.9825681072245076,0.9981166758179376,0.9966283934497766
39,0.003605353000740791,0.0009672670871296063,0.002235268693449303,0.9825694740121634,0.9981166758179376,0.9966283934497766
40,0.0030923089248600442,0.0009264938501448717,0.0014442732472204813,0.9825682999230744,0.9981166758179376,0.9966283934497766
41,0.001990915466064373,0.0008709860442842013,0.0014129598516711681,0.9825613135155934,0.9981166758179376,0.9966283934497766
42,0.0014724179970400232,0.0008316793882809448,0.0014022466738341014,0.982566353497843,0.9981166758179376,0.9966283934497766
43,0.001243421673236559,0.0007888098734081197,0.0013319969331721975,0.9825678916169052,0.9981166758179376,0.9966283934497766
44,0.001028651380146082,0.0007320180376502078,0.001315497331231025,0.9825636244598029,0.9981166758179376,0.9966283934497766
45,0.0007045923403841908,0.0006959141117764946,0.0012854542089721995,0.9825574139522745,0.9981166758179376,0.9966283934497766
46,0.0005566547748157556,0.0006776445738771838,0.0012926057765856242,0.9825584797860187,0.9981166758179376,0.9966283934497766
47,0.0005497576297235695,0.000649498072917174,0.001095389053825559,0.9825621777736631,0.9981166758179376,0.9966283934497766
48,0.00039705585375080416,0.0006277246278563033,0.000927025990141389,0.9825607730895233,0.9981166758179376,0.9966283934497766
49,0.00030710182927798157,0.0006248904778106421,0.000706135700602485,0.9825693510010269,0.9981166758179376,0.9966283934497766
50,0.00029745446102885013,0.0005977882109317465,0.000685678061154824,0.9825595103222918,0.9981166758179376,0.9966283934497766
51,0.00028620053395196675,0.0005536173395933009,0.0005121796997973802,0.9825558286397476,0.9981166758179376,0.9966283934497766
52,0.00027701495420901986,0.0005317036136426521,0.00044626623809459576,0.9825626867385102,0.9981166758179376,0.9966283934497766
53,0.0002772270963728653,0.0005069050680899007,0.0004282431789522405,0.9825754623897179,0.9981166758179376,0.9966283934497766
54,0.00027359763992867146,0.0004700494527957522,0.0003486799436865353,0.9825784540856617,0.9981166758179376,0.9966283934497766
55,0.0002582597394153388,0.0004629457921869679,0.00034112177409208487,0.9825644203868757,0.9981166758179376,0.9966283934497766
56,0.0002584305633868937,0.0004658128425663134,0.00033610621677936163,0.9825491535555688,0.9981166758179376,0.9966283934497766
57,0.0002455347371417542,0.0004457508081242123,0.0002900051588398497,0.9825468978604217,0.9981166758179376,0.9966283934497766
58,0.00024166455147304501,0.0004399033607990528,0.0002799414892871195,0.9825503069616187,0.9981166758179376,0.9966283934497766
59,0.00024151001464997794,0.0004504143063931613,0.00025025331326927844,0.9825633431140893,0.9981166758179376,0.9966283934497766
60,0.00018429010705446627,0.00042283881189860074,0.00019252797068325687,0.9825773930570069,0.9981166758179376,0.9966283934497766
61,0.00018541017910704067,0.00039641035377585484,0.00017048639881097222,0.9825814524096564,0.9981166758179376,0.9966283934497766
62,0.00017898850271788724,0.00039191827201278886,0.00017237612572341921,0.9825719597123472,0.9981166758179376,0.9966283934497766
63,0.0001465416851335236,0.0003686011167437511,0.00016636650961743184,0.982555266560689,0.9981166758179376,0.9966283934497766
64,0.0001368038190373829,0.000343379108176416,0.0001426270692449058,0.9825419219401541,0.9981166758179376,0.9966283934497766
65,0.00013603623746706475,0.0003497447470460989,0.00013851839142556619,0.9825375012407327,0.9981166758179376,0.9966283934497766
66,0.00013076049825077256,0.0003518718675742206,0.00013864599314658286,0.9825413786455172,0.9981166758179376,0.9966283934497766
67,0.00011893411927086242,0.0003319518747681639,0.00011386149618787155,0.9825532563831143,0.9981166758179376,0.9966283934497766
68,0.00011915157946727113,0.0003346744517917593,0.00011219956113740695,0.9825650264428638,0.9981166758179376,0.9966283934497766
69,0.00011222594792748267,0.0003417327213205084,0.00011107427099156747,0.9825664460447915,0.9981166758179376,0.9966283934497766
70,0.0001105269764180992,0.00031439034287767455,0.00010574176675865451,0.9825544885914339,0.9981166758179376,0.9966283934497766
71,0.00010941423233570613,0.0002963541159227992,0.00010545223942241193,0.9825405553900192,0.9981166758179376,0.9966283934497766
72,0.00010927577152776591,0.00030077479410948316,0.00010231387266674844,0.9825348121777285,0.9981166758179376,0.9966283934497766
73,0.00010810217060178659,0.0002812698019323383,0.00010120304855660023,0.9825363468044102,0.9981166758179376,0.9966283934497766
74,9.458314445761053e-05,0.0002629740317976142,0.00010139987408121744,0.9825307850939552,0.9981166758179376,0.9966283934497766
75,8.73654142241453e-05,0.0002725337927767696,9.995250014889557e-05,0.9825371478538234,0.9981166758179376,0.9966283934497766
76,6.998482724903299e-05,0.00027399814807677384,9.994766995046136e-05,0.9825328839926257,0.9981166758179376,0.9966283934497766
77,6.399052263378265e-05,0.0002619348788602234,9.899455646948686e-05,0.9825403218552174,0.9981166758179376,0.9966283934497766
78,6.316452319162737e-05,0.0002705186340787255,9.324299456431912e-05,0.9825316823186173,0.9981166758179376,0.9966283934497766
79,3.483801061835304e-05,0.00027529765134617413,9.248246645249428e-05,0.9825314515598945,0.9981166758179376,0.9966283934497766
80,3.0949830258937716e-05,0.0002518691620556207,9.24548065161416e-05,0.9825339402931436,0.9981166758179376,0.9966283934497766
81,3.088563230448368e-05,0.00024054329528638125,8.222133785826281e-05,0.9825398961020381,0.9981166758179376,0.9966283934497766
82,2.6356377856377616e-05,0.00023907988339282266,7.90722866515818e-05,0.982550461701088,0.9981166758179376,0.9966283934497766
83,2.5527996308606015e-05,0.00021836295410570684,7.791095251236441e-05,0.9825667186193405,0.9981166758179376,0.9966283934497766
84,2.474716044051759e-05,0.0002054160647994536,5.5450586551849645e-05,0.9825887724161183,0.9981166758179376,0.9966283934497766
85,2.412154179141328e-05,0.0002189571482861479,4.934110032528762e-05,0.982615143349147,0.9981166758179376,0.9966283934497766
86,2.4357222320776345e-05,0.00021902785397851426,4.957404098252406e-05,0.9826433181312916,0.9981166758179376,0.9966283934497766
87,2.3835646826265016e-05,0.0002118499579377003,4.622598672054311e-05,0.9826710320921344,0.9981166758179376,0.9966283934497766
88,2.3319743831352688e-05,0.00022195134025084631,4.1990774482159214e-05,0.9826970400567169,0.9981166758179376,0.9966283934497766
89,2.31577102207684e-05,0.00022750922645986687,4.0294613481184924e-05,0.9827210547274213,0.9981166758179376,0.9966283934497766
90,2.0819395427078497e-05,0.00021017624141994915,3.736436937918206e-05,0.9827433531886297,0.9981166758179376,0.9966283934497766
91,2.0713353346743703e-05,0.00019815704640578863,3.4288624459729925e-05,0.982764373969758,0.9981166758179376,0.9966283934497766
92,1.9886668011055938e-05,0.00019764119663824857,3.455332103875249e-05,0.9827843133646935,0.9981166758179376,0.9966283934497766
93,1.182971684762712e-05,0.00018197170889423152,3.3650579532665805e-05,0.982802779059455,0.9981166758179376,0.9966283934497766
94,8.257884682007867e-06,0.00017194687020390047,3.0306956585265193e-05,0.9828187796971645,0.9981166758179376,0.9966283934497766
95,8.274126857720957e-06,0.0001794130871703114,2.986758199270102e-05,0.9828312161610728,0.9981166758179376,0.9966283934497766
96,8.035704496741174e-06,0.0001855988677409755,2.8729588651037388e-05,0.9828394056597314,0.9981166758179376,0.9966283934497766
97,7.050071012762038e-06,0.00018299076026879042,2.618433486091069e-05,0.9828430229978874,0.9981166758179376,0.9966283934497766
98,7.194050410893727e-06,0.0001886983187931671,2.6106043394647956e-05,0.9828416931657395,0.9981166758179376,0.9966283934497766
99,5.7191931719962295e-06,0.00019380219218435182,2.6101815852248924e-05,0.9828350090123184,0.9981166758179376,0.9966283934497766
100,5.007574642467615e-06,0.00017768688132205194,2.559511803643327e-05,0.9828231202890982,0.9981166758179376,0.9966283934497766
